-- phpMyAdmin SQL Dump
-- version 3.5.8.2
-- http://www.phpmyadmin.net
--
-- Počítač: wm67.wedos.net:3306
-- Vygenerováno: Pon 11. kvě 2015, 19:49
-- Verze serveru: 5.6.17
-- Verze PHP: 5.4.23

SET FOREIGN_KEY_CHECKS=0;
SET SQL_MODE="NO_AUTO_VALUE_ON_ZERO";
SET time_zone = "+00:00";


/*!40101 SET @OLD_CHARACTER_SET_CLIENT=@@CHARACTER_SET_CLIENT */;
/*!40101 SET @OLD_CHARACTER_SET_RESULTS=@@CHARACTER_SET_RESULTS */;
/*!40101 SET @OLD_COLLATION_CONNECTION=@@COLLATION_CONNECTION */;
/*!40101 SET NAMES utf8 */;

--
-- Databáze: `d73578_skrid1`
--

-- --------------------------------------------------------

--
-- Struktura tabulky `editor_obsahu_stranky`
--

DROP TABLE IF EXISTS `editor_obsahu_stranky`;
CREATE TABLE IF NOT EXISTS `editor_obsahu_stranky` (
  `id` int(11) NOT NULL AUTO_INCREMENT,
  `poradi` int(11) NOT NULL DEFAULT '0' COMMENT 'Výchozí hodnota je 0',
  `pocet_sloupcu` tinyint(3) unsigned NOT NULL DEFAULT '1' COMMENT 'Výchozí hodnota je 1 - nemá to smysl u galerie, má to smysl pouze u textu',
  `stranka_id` int(11) NOT NULL,
  `galerie_skupina_fotek_id` int(11) DEFAULT NULL,
  `obsah_texy` text COLLATE utf8_czech_ci NOT NULL COMMENT 'TOTO POLÍČKO VYPLŇUJEŠ TY',
  PRIMARY KEY (`id`),
  KEY `stranka_id` (`stranka_id`),
  KEY `galerie_skupina_fotek_id` (`galerie_skupina_fotek_id`)
) ENGINE=InnoDB  DEFAULT CHARSET=utf8 COLLATE=utf8_czech_ci AUTO_INCREMENT=28 ;

--
-- Vypisuji data pro tabulku `editor_obsahu_stranky`
--

INSERT INTO `editor_obsahu_stranky` (`id`, `poradi`, `pocet_sloupcu`, `stranka_id`, `galerie_skupina_fotek_id`, `obsah_texy`) VALUES
(1, 0, 1, 1, NULL, 'Text, který vysvětlí co je Skrytá identita, ať hned každý ví, že jde o pánské proměny vizáže. Mělo by zaznít, že to je zážitek na půl dne. Text by neměl být dlouhý.\r\n\r\nfotka slepek, zarovnaná na střed\r\n\r\n???jak tohle dole vymažu???'),
(10, 0, 1, 7, NULL, 'V ceně balíčku dostanete:\r\n**2x trendy účes**\r\n- stříhání\r\n- .......\r\n- .........\r\n- .......\r\n- ............\r\n**2x fotomakeup**\r\n- ...............\r\n- ............\r\n- ...........\r\n**2x originální model**\r\n- ............\r\n- obuv vhodné velikosti\r\n- designové doplňky a autorské šperky\r\n**2x profesionální focení**\r\n- 10 ks dokonalých fotografií\r\n- originální postrodukce a retuš\r\n- fotky do týdne od proměny\r\n**Cena dvou kompletních proměn je 3900,- Kč**\r\n\r\nJak proměna probíhá:\r\n***********************\r\n- ranní seznámení u kávy s celým týmem v Ateliéru jR\r\n- odvoz a stříhání do salónu Petra\r\n- líčení a vizáž v Ateliéru jR\r\n- focení první proměny\r\n- druhé líčení a vizáž\r\n- druhé focení\r\n\r\nPo celou dobu proměny je k dispozici občerstvení.\r\n'),
(18, 0, 1, 3, NULL, 'Motivační text ke koupi dárkových poukazů ... Motivační text ke koupi dárkových poukazů ... Motivační text ke koupi dárkových poukazů ... Motivační text ke koupi dárkových poukazů ... \r\n\r\nobrázek poukazu'),
(19, 0, 1, 4, NULL, 'skupinová fotka zarovnaná na střed\r\n\r\nKrátký úvodní text o týmu Skryté identity. Krátký úvodní text o týmu Skryté identity. Krátký úvodní text o týmu Skryté identity. Krátký úvodní text o týmu Skryté identity. Krátký úvodní text o týmu Skryté identity. Krátký úvodní text o týmu Skryté identity.\r\n\r\nportrét zarovnaný vlevo + text vedle\r\n\r\n**Vlasová stylistka Petra Pešinová**\r\n\r\nMoji filosofií je vysoká kvalita, důraz na detail a osobní přístup. Výsledkem je účes dokonalé barvy, osobitého střihu, který dokáže podtrhnout a zdůraznit vaše jedinečné rysy a krásu, a kterou si zároveň dokážete upravit sami.\r\n\r\nportrét zarovnaný vlevo + text vedle zarovnaný vlevo\r\n\r\n**Vizážistka Eliška Čejková**\r\n\r\nKaždý muž může být modelem. Líčení pro podtržení Vaší přirozené krásy i rafinované variace pro umělecké fotografie.\r\n\r\nportrét zarovnaný vlevo + text vedle\r\n\r\n**Módní návrhářka Jitka Šedová**\r\n\r\n- autorská modelová tvorba značky jR\r\n- originální doplňky a autorské šperky\r\n- zakázková tvorba oděvů, zakázkové krejčovství\r\n\r\nportrét zarovnaný vlevo + text vedle\r\n\r\n**Fotograf Lukáš Urban**\r\n\r\nNěco o sobě budu muset napsat ...\r\nMé portfólio najdete na webu "fotourban.cz":http://fotourban.cz'),
(22, 0, 1, 2, NULL, 'skupinová fotka zarovnaná na střed\r\n\r\n- město: Hradec Králové\r\n- telefon: 732 883 091\r\n- email: info@skryta-identita.cz\r\n- facebook: "Skrytá identita":https://www.facebook.com/pages/Skrytá-identita/1390054944650716?pnref=lhc'),
(24, 0, 1, 5, NULL, 'Objev, co v tobě je!\r\n*******************\r\n**Skryté identity Martina:**'),
(25, 0, 1, 5, 1, ''),
(26, 0, 1, 7, 2, ''),
(27, 0, 1, 7, NULL, 'Volné termíny k rezervaci:\r\n****************************\r\n- neděle 24. května\r\n- pátek ...\r\n- neděle ...\r\n- středa ...\r\n- neděle ...');

-- --------------------------------------------------------

--
-- Struktura tabulky `galerie_prirazene_polozky`
--

DROP TABLE IF EXISTS `galerie_prirazene_polozky`;
CREATE TABLE IF NOT EXISTS `galerie_prirazene_polozky` (
  `id` int(11) NOT NULL AUTO_INCREMENT,
  `galerie_skupina_fotek_id` int(11) NOT NULL,
  `vsechny_fotky_id` int(11) NOT NULL,
  `poradi` int(11) NOT NULL DEFAULT '0' COMMENT 'Lze zadávat i záporná čísla, čím je číslo nižší, tím bude fotka blíže k začátku skupiny... Fotky se stejnou hodnotou sloupce `poradi` se řadí vzestupně podle sloupce `id`',
  PRIMARY KEY (`id`),
  KEY `galerie_skupina_fotek_id` (`galerie_skupina_fotek_id`),
  KEY `vsechny_fotky_id` (`vsechny_fotky_id`)
) ENGINE=InnoDB  DEFAULT CHARSET=utf8 COLLATE=utf8_czech_ci AUTO_INCREMENT=22 ;

--
-- Vypisuji data pro tabulku `galerie_prirazene_polozky`
--

INSERT INTO `galerie_prirazene_polozky` (`id`, `galerie_skupina_fotek_id`, `vsechny_fotky_id`, `poradi`) VALUES
(1, 1, 10, 0),
(2, 1, 9, 0),
(3, 1, 11, 0),
(4, 1, 12, 0),
(5, 1, 16, 0),
(7, 2, 6, 0),
(8, 2, 15, 0),
(9, 2, 8, 0),
(14, 2, 7, 0),
(15, 2, 13, 0),
(16, 2, 14, 0),
(17, 1, 20, 0),
(18, 1, 24, 0),
(19, 1, 25, 0),
(20, 1, 28, 0),
(21, 1, 17, 0);

-- --------------------------------------------------------

--
-- Struktura tabulky `galerie_skupina_fotek`
--

DROP TABLE IF EXISTS `galerie_skupina_fotek`;
CREATE TABLE IF NOT EXISTS `galerie_skupina_fotek` (
  `id` int(11) NOT NULL AUTO_INCREMENT,
  `poznamka` varchar(255) COLLATE utf8_czech_ci NOT NULL COMMENT 'Slouží pro Tvou orientaci.',
  `googlepopis_automatizovane` varchar(255) COLLATE utf8_czech_ci NOT NULL COMMENT 'Fotografie, které nemají vlastní googlepopis obdrží tento společný.',
  PRIMARY KEY (`id`)
) ENGINE=InnoDB  DEFAULT CHARSET=utf8 COLLATE=utf8_czech_ci AUTO_INCREMENT=3 ;

--
-- Vypisuji data pro tabulku `galerie_skupina_fotek`
--

INSERT INTO `galerie_skupina_fotek` (`id`, `poznamka`, `googlepopis_automatizovane`) VALUES
(1, 'Proměna Martina', 'Fotky pánské proměny Martina v Hradci Králové.'),
(2, 'Pánské proměny', 'fotogalerie pánských proměn');

-- --------------------------------------------------------

--
-- Struktura tabulky `stranka`
--

DROP TABLE IF EXISTS `stranka`;
CREATE TABLE IF NOT EXISTS `stranka` (
  `id` int(11) NOT NULL AUTO_INCREMENT,
  `rubrika` varchar(50) COLLATE utf8_czech_ci DEFAULT NULL COMMENT 'neměň',
  `googletitulek` varchar(100) COLLATE utf8_czech_ci DEFAULT NULL COMMENT 'optimum max 45 znaků (nepiš www.skryta-identita.cz - to se doplňuje samo)',
  `googlepopisek` varchar(160) COLLATE utf8_czech_ci DEFAULT NULL COMMENT 'optimum max 140 znaků',
  `editor_zmeneno` varchar(5) COLLATE utf8_czech_ci NOT NULL DEFAULT 'ne' COMMENT 'ZMĚŇ NA ''ano''',
  `obsah_html_nahore` text COLLATE utf8_czech_ci COMMENT 'neměň - vygeneruje se automaticky podle editoru',
  `obsah_html_dole` text COLLATE utf8_czech_ci COMMENT 'neměň - vygeneruje se automaticky podle editoru',
  `obsahuje_galerii` varchar(5) COLLATE utf8_czech_ci NOT NULL DEFAULT 'ne' COMMENT 'neměň - vygeneruje se automaticky',
  PRIMARY KEY (`id`)
) ENGINE=InnoDB  DEFAULT CHARSET=utf8 COLLATE=utf8_czech_ci AUTO_INCREMENT=8 ;

--
-- Vypisuji data pro tabulku `stranka`
--

INSERT INTO `stranka` (`id`, `rubrika`, `googletitulek`, `googlepopisek`, `editor_zmeneno`, `obsah_html_nahore`, `obsah_html_dole`, `obsahuje_galerii`) VALUES
(1, 'Úvodní stránka', 'Moderní pánské proměny vizáže', 'Dvě kompletní proměny vizáže. Trendy účes, fotomakeup, originální modely, profesionální fotky.', 'ne', '<div class="col1">\n\n<p>Text, který vysvětlí co je Skrytá identita, ať hned každý ví, že jde\no pánské proměny vizáže. Mělo by zaznít, že to je zážitek na půl\ndne. Text by neměl být dlouhý.</p>\n\n<p>fotka slepek, zarovnaná na střed</p>\n\n<p>???jak tohle dole vymažu???</p>\n\n</div>\n', '<p>Závěrem potřebujeme dodat, že <strong>Lákamí vůněhulás úmyval\r\nrohlivý jednovod lek sůl škověný lžičkodpo úmyvaleka zlem. Rozcuchře\r\nnuchředos</strong> halekamat umělý úmyvat umělý nuchváled ří ztepický\r\nradložný tlínům. Málněžná rostrojsk vla bájedpodl pa štínkucen\r\n<strong>halekamat umraprošt smírní</strong> ka Polivní. Obusí <a\r\nhref="http://www.kuvava.cz">úmyvadlou čníc čeprad poda</a> ač čuva Obsely\r\nsměsí umyslupou oba. Podlo krát obse Al lžičkouza smeti mezilogie lákamat\r\nta říklemít já. A nač k onověď Podlou vla věď obzor.</p>\r\n', 'ne'),
(2, 'Kontakt', 'Kontakt skryté identity', 'Telefon, email a facebook týmu Skryté identity, která provádí pánské proměny vizáže v Hradci Králové.', 'ne', '<div class="col1">\n\n<p>skupinová fotka zarovnaná na střed</p>\n\n<ul>\n	<li>město: Hradec Králové</li>\n\n	<li>telefon: 732 883 091</li>\n\n	<li>email: <a\n	href="mailto:info&#64;skryta-identita.cz">info&#64;<!-- -->skryta-identita.cz</a></li>\n\n	<li>facebook: <a\n	href="https://www.facebook.com/pages/Skrytá-identita/1390054944650716?pnref=lhc">Skrytá\n	identita</a></li>\n</ul>\n\n</div>\n', NULL, 'ne'),
(3, 'Poukazy', 'Dárkové poukazy - pánské proměny', 'Dárkový pokaz pánské proměny k objednání.', 'ne', '<div class="col1">\n\n<p>Motivační text ke koupi dárkových poukazů … Motivační text ke koupi\ndárkových poukazů … Motivační text ke koupi dárkových poukazů …\nMotivační text ke koupi dárkových poukazů …</p>\n\n<p>obrázek poukazu</p>\n\n</div>\n', NULL, 'ne'),
(4, 'Náš tým', 'Profesionální tým pánských proměn', 'Představuje se Vám tým Skryté identity, který stojí za výjimečnými pánskými proměnami.', 'ne', '<div class="col1">\n\n<p>skupinová fotka zarovnaná na střed</p>\n\n<p>Krátký úvodní text o týmu Skryté identity. Krátký úvodní text\no týmu Skryté identity. Krátký úvodní text o týmu Skryté identity.\nKrátký úvodní text o týmu Skryté identity. Krátký úvodní text\no týmu Skryté identity. Krátký úvodní text o týmu Skryté identity.</p>\n\n<p>portrét zarovnaný vlevo + text vedle</p>\n\n<p><strong>Vlasová stylistka Petra Pešinová</strong></p>\n\n<p>Moji filosofií je vysoká kvalita, důraz na detail a osobní přístup.\nVýsledkem je účes dokonalé barvy, osobitého střihu, který dokáže\npodtrhnout a zdůraznit vaše jedinečné rysy a krásu, a kterou si zároveň\ndokážete upravit sami.</p>\n\n<p>portrét zarovnaný vlevo + text vedle zarovnaný vlevo</p>\n\n<p><strong>Vizážistka Eliška Čejková</strong></p>\n\n<p>Každý muž může být modelem. Líčení pro podtržení Vaší\npřirozené krásy i rafinované variace pro umělecké fotografie.</p>\n\n<p>portrét zarovnaný vlevo + text vedle</p>\n\n<p><strong>Módní návrhářka Jitka Šedová</strong></p>\n\n<ul>\n	<li>autorská modelová tvorba značky jR</li>\n\n	<li>originální doplňky a autorské šperky</li>\n\n	<li>zakázková tvorba oděvů, zakázkové krejčovství</li>\n</ul>\n\n<p>portrét zarovnaný vlevo + text vedle</p>\n\n<p><strong>Fotograf Lukáš Urban</strong></p>\n\n<p>Něco o sobě budu muset napsat … Mé portfólio najdete na webu <a\nhref="http://fotourban.cz">fotourban.cz</a></p>\n\n</div>\n', '', 'ne'),
(5, 'Galerie', 'Fotky pánských proměn', 'Fotogalerie s realizovanými pánskými proměnami.', 'ne', '<div class="col1">\n\n<h2>Objev, co v tobě je!</h2>\n\n<p><strong>Skryté identity Martina:</strong></p>\n\n</div>\n<ul class="galul" data-gallulid="1">\n	<a href="/images/gallery/all/10.jpg" target="_blank" class="gala" title="" data-xlsize="1202x1800" data-lsize="801x1200" data-msize="534x800" data-ssize="200x300" data-sizecat="xl" data-filename="10.jpg" data-gallId="1">\n		<li>\n<div class="prev"><img src="/images/gallery/all/thumbs/s/10.jpg" class="navysku"style="bottom: 25%"></div>		</li>\n	</a>\n	<a href="/images/gallery/all/9.jpg" target="_blank" class="gala" title="" data-xlsize="1202x1800" data-lsize="801x1200" data-msize="534x800" data-ssize="200x300" data-sizecat="xl" data-filename="9.jpg" data-gallId="2">\n		<li>\n<div class="prev"><img src="/images/gallery/all/thumbs/s/9.jpg" class="navysku"style="bottom: 4%"></div>		</li>\n	</a>\n	<a href="/images/gallery/all/11.jpg" target="_blank" class="gala" title="" data-xlsize="1202x1800" data-lsize="801x1200" data-msize="534x800" data-ssize="200x300" data-sizecat="xl" data-filename="11.jpg" data-gallId="3">\n		<li>\n<div class="prev"><img src="/images/gallery/all/thumbs/s/11.jpg" class="navysku"style="bottom: 1%"></div>		</li>\n	</a>\n	<a href="/images/gallery/all/12.jpg" target="_blank" class="gala" title="" data-xlsize="1800x1202" data-lsize="1200x801" data-msize="800x534" data-ssize="300x200" data-sizecat="xl" data-filename="12.jpg" data-gallId="4">\n		<li>\n<div class="prev"><img src="/images/gallery/all/thumbs/s/12.jpg" class="nasirku"style="right: 7%"></div>		</li>\n	</a>\n	<a href="/images/gallery/all/16.jpg" target="_blank" class="gala" title="" data-xlsize="1202x1800" data-lsize="801x1200" data-msize="534x800" data-ssize="200x300" data-sizecat="xl" data-filename="16.jpg" data-gallId="5">\n		<li>\n<div class="prev"><img src="/images/gallery/all/thumbs/s/16.jpg" class="navysku"style="bottom: 13%"></div>		</li>\n	</a>\n	<a href="/images/gallery/all/20.jpg" target="_blank" class="gala" title="" data-xlsize="1202x1800" data-lsize="801x1200" data-msize="534x800" data-ssize="200x300" data-sizecat="xl" data-filename="20.jpg" data-gallId="6">\n		<li>\n<div class="prev"><img src="/images/gallery/all/thumbs/s/20.jpg" class="navysku"style="bottom: 14%"></div>		</li>\n	</a>\n	<a href="/images/gallery/all/24.jpg" target="_blank" class="gala" title="" data-xlsize="1800x1202" data-lsize="1200x801" data-msize="800x534" data-ssize="300x200" data-sizecat="xl" data-filename="24.jpg" data-gallId="7">\n		<li>\n<div class="prev"><img src="/images/gallery/all/thumbs/s/24.jpg" class="nasirku"style="right: 22%"></div>		</li>\n	</a>\n	<a href="/images/gallery/all/25.jpg" target="_blank" class="gala" title="" data-xlsize="1202x1800" data-lsize="801x1200" data-msize="534x800" data-ssize="200x300" data-sizecat="xl" data-filename="25.jpg" data-gallId="8">\n		<li>\n<div class="prev"><img src="/images/gallery/all/thumbs/s/25.jpg" class="navysku"style="bottom: 10%"></div>		</li>\n	</a>\n	<a href="/images/gallery/all/28.jpg" target="_blank" class="gala" title="" data-xlsize="1800x1202" data-lsize="1200x801" data-msize="800x534" data-ssize="300x200" data-sizecat="xl" data-filename="28.jpg" data-gallId="9">\n		<li>\n<div class="prev"><img src="/images/gallery/all/thumbs/s/28.jpg" class="nasirku"style="right: 22%"></div>		</li>\n	</a>\n	<a href="/images/gallery/all/17.jpg" target="_blank" class="gala" title="" data-xlsize="1202x1800" data-lsize="801x1200" data-msize="534x800" data-ssize="200x300" data-sizecat="xl" data-filename="17.jpg" data-gallId="10">\n		<li>\n<div class="prev"><img src="/images/gallery/all/thumbs/s/17.jpg" class="navysku"style="bottom: 9%"></div>		</li>\n	</a>\n</ul>', NULL, 'ano'),
(6, 'Pro ženy', 'Změna ženské vizáže', '', 'ne', NULL, NULL, 'ne'),
(7, 'Ceník', 'Cena a termíny proměn', 'Ceník proměny se všemi službami a termíny pánských proměn.', 'ne', '<div class="col1">\n\n<p>V ceně balíčku dostanete: <strong>2× trendy účes</strong></p>\n\n<ul>\n	<li>stříhání</li>\n\n	<li>.......</li>\n\n	<li>.........</li>\n\n	<li>.......</li>\n\n	<li>............</li>\n</ul>\n\n<p><strong>2× fotomakeup</strong></p>\n\n<ul>\n	<li>...............</li>\n\n	<li>............</li>\n\n	<li>...........</li>\n</ul>\n\n<p><strong>2× originální model</strong></p>\n\n<ul>\n	<li>............</li>\n\n	<li>obuv vhodné velikosti</li>\n\n	<li>designové doplňky a autorské šperky</li>\n</ul>\n\n<p><strong>2× profesionální focení</strong></p>\n\n<ul>\n	<li>10 ks dokonalých fotografií</li>\n\n	<li>originální postrodukce a retuš</li>\n\n	<li>fotky do týdne od proměny</li>\n</ul>\n\n<p><strong>Cena dvou kompletních proměn je 3900,– Kč</strong></p>\n\n<h2>Jak proměna probíhá:</h2>\n\n<ul>\n	<li>ranní seznámení u kávy s celým týmem v Ateliéru jR</li>\n\n	<li>odvoz a stříhání do salónu Petra</li>\n\n	<li>líčení a vizáž v Ateliéru jR</li>\n\n	<li>focení první proměny</li>\n\n	<li>druhé líčení a vizáž</li>\n\n	<li>druhé focení</li>\n</ul>\n\n<p>Po celou dobu proměny je k dispozici občerstvení.</p>\n\n</div>\n<ul class="galul" data-gallulid="1">\n	<a href="/images/gallery/all/6.jpg" target="_blank" class="gala" title="úprava účesu" data-xlsize="1202x1800" data-lsize="801x1200" data-msize="534x800" data-ssize="200x300" data-sizecat="xl" data-filename="6.jpg" data-gallId="1">\n		<li>\n<div class="prev"><img src="/images/gallery/all/thumbs/s/6.jpg" class="navysku"style="bottom: 7%"></div>		</li>\n	</a>\n	<a href="/images/gallery/all/15.jpg" target="_blank" class="gala" title="" data-xlsize="1202x1800" data-lsize="801x1200" data-msize="534x800" data-ssize="200x300" data-sizecat="xl" data-filename="15.jpg" data-gallId="2">\n		<li>\n<div class="prev"><img src="/images/gallery/all/thumbs/s/15.jpg" class="navysku"style="bottom: 25%"></div>		</li>\n	</a>\n	<a href="/images/gallery/all/8.jpg" target="_blank" class="gala" title="" data-xlsize="1800x1202" data-lsize="1200x801" data-msize="800x534" data-ssize="300x200" data-sizecat="xl" data-filename="8.jpg" data-gallId="3">\n		<li>\n<div class="prev"><img src="/images/gallery/all/thumbs/s/8.jpg" class="nasirku"style="right: 21%"></div>		</li>\n	</a>\n	<a href="/images/gallery/all/7.jpg" target="_blank" class="gala" title="" data-xlsize="1202x1800" data-lsize="801x1200" data-msize="534x800" data-ssize="200x300" data-sizecat="xl" data-filename="7.jpg" data-gallId="4">\n		<li>\n<div class="prev"><img src="/images/gallery/all/thumbs/s/7.jpg" class="navysku"style="bottom: 20%"></div>		</li>\n	</a>\n	<a href="/images/gallery/all/13.jpg" target="_blank" class="gala" title="" data-xlsize="1800x1202" data-lsize="1200x801" data-msize="800x534" data-ssize="300x200" data-sizecat="xl" data-filename="13.jpg" data-gallId="5">\n		<li>\n<div class="prev"><img src="/images/gallery/all/thumbs/s/13.jpg" class="nasirku"style="right: 25%"></div>		</li>\n	</a>\n	<a href="/images/gallery/all/14.jpg" target="_blank" class="gala" title="" data-xlsize="1800x1202" data-lsize="1200x801" data-msize="800x534" data-ssize="300x200" data-sizecat="xl" data-filename="14.jpg" data-gallId="6">\n		<li>\n<div class="prev"><img src="/images/gallery/all/thumbs/s/14.jpg" class="nasirku"style="right: 16%"></div>		</li>\n	</a>\n</ul><div class="col1">\n\n<h2>Volné termíny k rezervaci:</h2>\n\n<ul>\n	<li>neděle 24. května</li>\n\n	<li>pátek …</li>\n\n	<li>neděle …</li>\n\n	<li>středa …</li>\n\n	<li>neděle …</li>\n</ul>\n\n</div>\n', NULL, 'ano');

-- --------------------------------------------------------

--
-- Struktura tabulky `vsechny_fotky`
--

DROP TABLE IF EXISTS `vsechny_fotky`;
CREATE TABLE IF NOT EXISTS `vsechny_fotky` (
  `id` int(11) NOT NULL AUTO_INCREMENT,
  `nahled_posun` smallint(6) NOT NULL,
  `googlepopis` varchar(255) COLLATE utf8_czech_ci DEFAULT NULL COMMENT 'stručně a výstižně',
  `gallery_text` text COLLATE utf8_czech_ci COMMENT 'klidně i obsáhleji',
  `size` int(11) NOT NULL,
  `width` int(11) NOT NULL,
  `height` int(11) NOT NULL,
  `html_attr` varchar(50) COLLATE utf8_czech_ci NOT NULL,
  `fileextension` varchar(10) COLLATE utf8_czech_ci NOT NULL,
  `tvar` varchar(20) COLLATE utf8_czech_ci NOT NULL DEFAULT 'neznamy',
  `l_size` int(11) NOT NULL,
  `l_width` int(11) NOT NULL,
  `l_height` int(11) NOT NULL,
  `l_html_attr` varchar(50) COLLATE utf8_czech_ci NOT NULL,
  `m_size` int(11) NOT NULL,
  `m_width` int(11) NOT NULL,
  `m_height` int(11) NOT NULL,
  `m_html_attr` varchar(50) COLLATE utf8_czech_ci NOT NULL,
  `s_size` int(11) NOT NULL,
  `s_width` int(11) NOT NULL,
  `s_height` int(11) NOT NULL,
  `s_html_attr` varchar(50) COLLATE utf8_czech_ci NOT NULL,
  PRIMARY KEY (`id`)
) ENGINE=InnoDB  DEFAULT CHARSET=utf8 COLLATE=utf8_czech_ci AUTO_INCREMENT=29 ;

--
-- Vypisuji data pro tabulku `vsechny_fotky`
--

INSERT INTO `vsechny_fotky` (`id`, `nahled_posun`, `googlepopis`, `gallery_text`, `size`, `width`, `height`, `html_attr`, `fileextension`, `tvar`, `l_size`, `l_width`, `l_height`, `l_html_attr`, `m_size`, `m_width`, `m_height`, `m_html_attr`, `s_size`, `s_width`, `s_height`, `s_html_attr`) VALUES
(5, 7, NULL, NULL, 449221, 1202, 1800, 'width="1202" height="1800"', 'jpg', 'navysku', 85100, 801, 1200, 'width="801" height="1200"', 41216, 534, 800, 'width="534" height="800"', 9116, 200, 300, 'width="200" height="300"'),
(6, 7, NULL, 'úprava účesu', 537822, 1202, 1800, 'width="1202" height="1800"', 'jpg', 'navysku', 109936, 801, 1200, 'width="801" height="1200"', 57747, 534, 800, 'width="534" height="800"', 13044, 200, 300, 'width="200" height="300"'),
(7, 20, NULL, NULL, 518635, 1202, 1800, 'width="1202" height="1800"', 'jpg', 'navysku', 86794, 801, 1200, 'width="801" height="1200"', 45223, 534, 800, 'width="534" height="800"', 11370, 200, 300, 'width="200" height="300"'),
(8, 21, NULL, NULL, 436211, 1800, 1202, 'width="1800" height="1202"', 'jpg', 'nasirku', 75936, 1200, 801, 'width="1200" height="801"', 39806, 800, 534, 'width="800" height="534"', 10113, 300, 200, 'width="300" height="200"'),
(9, 4, NULL, NULL, 585564, 1202, 1800, 'width="1202" height="1800"', 'jpg', 'navysku', 130863, 801, 1200, 'width="801" height="1200"', 68739, 534, 800, 'width="534" height="800"', 15320, 200, 300, 'width="200" height="300"'),
(10, 25, NULL, NULL, 480856, 1202, 1800, 'width="1202" height="1800"', 'jpg', 'navysku', 95756, 801, 1200, 'width="801" height="1200"', 48959, 534, 800, 'width="534" height="800"', 11413, 200, 300, 'width="200" height="300"'),
(11, 1, NULL, NULL, 500718, 1202, 1800, 'width="1202" height="1800"', 'jpg', 'navysku', 102546, 801, 1200, 'width="801" height="1200"', 51789, 534, 800, 'width="534" height="800"', 11786, 200, 300, 'width="200" height="300"'),
(12, 7, NULL, NULL, 530956, 1800, 1202, 'width="1800" height="1202"', 'jpg', 'nasirku', 107460, 1200, 801, 'width="1200" height="801"', 54383, 800, 534, 'width="800" height="534"', 11513, 300, 200, 'width="300" height="200"'),
(13, 25, NULL, NULL, 493689, 1800, 1202, 'width="1800" height="1202"', 'jpg', 'nasirku', 92935, 1200, 801, 'width="1200" height="801"', 49846, 800, 534, 'width="800" height="534"', 12664, 300, 200, 'width="300" height="200"'),
(14, 16, NULL, NULL, 643285, 1800, 1202, 'width="1800" height="1202"', 'jpg', 'nasirku', 130234, 1200, 801, 'width="1200" height="801"', 67479, 800, 534, 'width="800" height="534"', 14880, 300, 200, 'width="300" height="200"'),
(15, 25, NULL, NULL, 485910, 1202, 1800, 'width="1202" height="1800"', 'jpg', 'navysku', 90429, 801, 1200, 'width="801" height="1200"', 49106, 534, 800, 'width="534" height="800"', 12754, 200, 300, 'width="200" height="300"'),
(16, 13, NULL, NULL, 870661, 1202, 1800, 'width="1202" height="1800"', 'jpg', 'navysku', 181042, 801, 1200, 'width="801" height="1200"', 87669, 534, 800, 'width="534" height="800"', 15302, 200, 300, 'width="200" height="300"'),
(17, 9, NULL, NULL, 744259, 1202, 1800, 'width="1202" height="1800"', 'jpg', 'navysku', 167416, 801, 1200, 'width="801" height="1200"', 84576, 534, 800, 'width="534" height="800"', 16464, 200, 300, 'width="200" height="300"'),
(18, 6, NULL, NULL, 573364, 1202, 1800, 'width="1202" height="1800"', 'jpg', 'navysku', 131471, 801, 1200, 'width="801" height="1200"', 63886, 534, 800, 'width="534" height="800"', 12492, 200, 300, 'width="200" height="300"'),
(19, 0, NULL, NULL, 1043005, 1202, 1800, 'width="1202" height="1800"', 'jpg', 'navysku', 222990, 801, 1200, 'width="801" height="1200"', 103119, 534, 800, 'width="534" height="800"', 18099, 200, 300, 'width="200" height="300"'),
(20, 14, NULL, NULL, 955023, 1202, 1800, 'width="1202" height="1800"', 'jpg', 'navysku', 213348, 801, 1200, 'width="801" height="1200"', 100097, 534, 800, 'width="534" height="800"', 17484, 200, 300, 'width="200" height="300"'),
(21, 7, NULL, NULL, 863716, 1202, 1800, 'width="1202" height="1800"', 'jpg', 'navysku', 206011, 801, 1200, 'width="801" height="1200"', 100504, 534, 800, 'width="534" height="800"', 18096, 200, 300, 'width="200" height="300"'),
(22, 6, NULL, NULL, 591502, 1202, 1800, 'width="1202" height="1800"', 'jpg', 'navysku', 138842, 801, 1200, 'width="801" height="1200"', 68009, 534, 800, 'width="534" height="800"', 12613, 200, 300, 'width="200" height="300"'),
(23, 14, NULL, NULL, 942179, 1800, 1202, 'width="1800" height="1202"', 'jpg', 'nasirku', 201066, 1200, 801, 'width="1200" height="801"', 96716, 800, 534, 'width="800" height="534"', 16052, 300, 200, 'width="300" height="200"'),
(24, 22, NULL, NULL, 904565, 1800, 1202, 'width="1800" height="1202"', 'jpg', 'nasirku', 193681, 1200, 801, 'width="1200" height="801"', 92481, 800, 534, 'width="800" height="534"', 15254, 300, 200, 'width="300" height="200"'),
(25, 10, NULL, NULL, 541095, 1202, 1800, 'width="1202" height="1800"', 'jpg', 'navysku', 120453, 801, 1200, 'width="801" height="1200"', 62081, 534, 800, 'width="534" height="800"', 13454, 200, 300, 'width="200" height="300"'),
(26, 5, NULL, NULL, 685825, 1202, 1800, 'width="1202" height="1800"', 'jpg', 'navysku', 143113, 801, 1200, 'width="801" height="1200"', 70672, 534, 800, 'width="534" height="800"', 14143, 200, 300, 'width="200" height="300"'),
(27, 13, NULL, NULL, 652298, 1202, 1800, 'width="1202" height="1800"', 'jpg', 'navysku', 157222, 801, 1200, 'width="801" height="1200"', 82941, 534, 800, 'width="534" height="800"', 17759, 200, 300, 'width="200" height="300"'),
(28, 22, NULL, NULL, 629649, 1800, 1202, 'width="1800" height="1202"', 'jpg', 'nasirku', 148328, 1200, 801, 'width="1200" height="801"', 78282, 800, 534, 'width="800" height="534"', 17225, 300, 200, 'width="300" height="200"');

-- --------------------------------------------------------

--
-- Struktura tabulky `zaloha_obsah`
--

DROP TABLE IF EXISTS `zaloha_obsah`;
CREATE TABLE IF NOT EXISTS `zaloha_obsah` (
  `id` int(11) NOT NULL AUTO_INCREMENT,
  `stranka_id` int(11) NOT NULL,
  `editor_obsahu_stranky_id` int(11) NOT NULL,
  `poradi` int(11) NOT NULL,
  `pocet_sloupcu` int(11) NOT NULL,
  `texy` text COLLATE utf8_czech_ci NOT NULL,
  `datum` datetime NOT NULL,
  PRIMARY KEY (`id`)
) ENGINE=InnoDB  DEFAULT CHARSET=utf8 COLLATE=utf8_czech_ci AUTO_INCREMENT=86 ;

--
-- Vypisuji data pro tabulku `zaloha_obsah`
--

INSERT INTO `zaloha_obsah` (`id`, `stranka_id`, `editor_obsahu_stranky_id`, `poradi`, `pocet_sloupcu`, `texy`, `datum`) VALUES
(1, 1, 1, 0, 1, '**Karkulka šla** "do lesa":http://www.lesycr.cz/Stranky/default.aspx a lákamí vůněhulás úmyval rohlivý jednovod lek umělý znou sůl posko dopistroj. Úmyvad z Jít vůně umělý bý umělý rojskočár zno čajený ček. Přední al zako bý ma je kolobicí úmyval čepicí řícipádní obit. Bolo magne málněžná ští podlo zak škoda sou z vůně mený. Poci.\r\n\r\nLorem ipsum dolor sit amet consectetuer Vestibulum pellentesque semper netus laoreet. Dui malesuada quis ut Ut justo felis id pede ligula mauris. Urna Nunc neque Praesent a lacinia tortor vel morbi nibh id. At Phasellus In Sed Phasellus tristique eget egestas id eros volutpat. At Vestibulum mauris ut nibh sollicitudin porttitor Integer.\r\n\r\n\r\n', '2015-04-21 06:00:47'),
(2, 1, 2, 0, 1, '', '2015-04-21 06:00:47'),
(3, 1, 4, 0, 1, 'Lorem ipsum dolor sit amet consectetuer et pede interdum non augue. Faucibus in congue Quisque ac cursus et Vestibulum quis Maecenas pharetra. Curabitur elit fringilla accumsan quis natoque aliquam Maecenas et libero Vestibulum. Augue wisi tincidunt dis est accumsan porttitor tempus nulla Nulla montes. Quis Sed risus Aenean quis pede risus id.\r\n\r\nElit et tortor et parturient **condimentum Vivamus Donec** hendrerit nunc et. Justo Vivamus enim dolor elit ante eget Cum dis eros convallis. Curabitur In facilisi orci pretium Nunc Pellentesque condimentum lorem eros suscipit. Vivamus quis fames ut Sed Ut velit nunc tempus elit Aliquam. Tempus "pellentesque lacus":/osobni-promeny-kontakt/ Aenean congue sed tincidunt nisl rhoncus est ut. A mollis justo convallis congue odio dui dui ut Sed.\r\n\r\nSapien turpis ac orci dui ac quis odio pretium malesuada Pellentesque. Purus sed pede dignissim sapien Curabitur sapien eros Pellentesque pretium convallis. Lorem tortor id risus dui Curabitur parturient dolor Quisque nec Aenean. Orci lorem quis sit pellentesque orci id amet id auctor facilisis. Leo at gravida et elit vitae volutpat pretium fames at dictumst. \r\n\r\nTincidunt at metus et Vestibulum id Maecenas Vestibulum eros consequat cursus. Faucibus semper pretium Nam et semper vitae et dui adipiscing id. Fermentum odio eu sodales porttitor nec et ultrices fames quam Nulla. Quis in pretium consequat enim tempor lacinia Pellentesque aliquam congue sem. Elit tincidunt tincidunt egestas senectus Fusce cursus id ut.\r\n', '2015-04-21 06:00:47'),
(4, 1, 5, 0, 4, 'Lorem ipsum dolor sit amet consectetuer in aliquet auctor id diam. Et nisl nibh rutrum consectetuer convallis mauris condimentum turpis non dui. Sit lobortis massa semper elit eu id sed orci et Suspendisse. Tortor congue dapibus justo eu dolor libero Suspendisse facilisis nibh Curabitur. Vitae sit eu Pellentesque amet fermentum gravida vestibulum tempor convallis.\r\n\r\nVolutpat convallis eu Quisque congue vitae tempus tempor magnis augue est. Suscipit pede pretium mattis vitae Sed quis ultrices lacinia sem tristique. Eu ipsum pretium adipiscing semper nec orci montes feugiat libero tortor. Et risus Pellentesque at auctor Nulla et augue eleifend orci Curabitur. Tincidunt consequat augue est pretium consectetuer tortor mauris adipiscing elit Nam. Malesuada pede lacus odio lacinia.\r\n', '2015-04-21 06:00:47'),
(5, 1, 6, 0, 4, 'Lorem ipsum dolor sit amet consectetuer Vestibulum sit semper ut lorem. Non tellus consectetuer a consectetuer nec fringilla at Phasellus ullamcorper Nam. Morbi faucibus nunc lorem Curabitur ipsum nascetur eros tempus Vestibulum volutpat. Justo turpis interdum justo condimentum pede pretium convallis semper Integer a. Tellus Maecenas In adipiscing consequat Aliquam urna Sed.\r\n', '2015-04-21 06:00:47'),
(6, 1, 7, 0, 4, 'Lorem ipsum dolor sit amet consectetuer ornare ipsum pretium ligula pretium. Mus et facilisi consectetuer Sed dolor ornare ante urna tortor at. Vestibulum wisi pretium pulvinar adipiscing nibh molestie orci risus nibh suscipit. Nec magnis hendrerit magna Nulla dis semper et wisi id non. Magna tristique Nulla et justo nulla semper a nulla In hac. Vitae pretium turpis lacinia sollicitudin quis.\r\n\r\nPellentesque Nam dui ligula vel eget adipiscing cursus a Duis Proin. Interdum Morbi mattis urna Nam tempor a Integer Curabitur ut metus. Neque tincidunt turpis felis neque at libero mus metus at Aenean. Eu sed Donec habitant et cursus justo laoreet sit Vivamus Lorem. Urna nunc Pellentesque tincidunt consequat tempus pretium consectetuer a congue ligula. Odio laoreet Pellentesque Vestibulum iaculis sapien consectetuer sit.\r\n\r\nCras eleifend nibh ridiculus dictumst pretium In Nulla augue et libero. Pretium pretium Nam felis id Sed Nulla consectetuer iaculis pharetra feugiat. Dui pellentesque Phasellus Sed id eu volutpat nibh ligula vestibulum risus. Vestibulum eu interdum orci a pretium consequat ipsum tristique ridiculus enim. Dolor ullamcorper lacinia amet ipsum Aenean vitae tortor Cum purus pede. Nec eu Aenean nec Curabitur justo.\r\n\r\nAliquam et ligula Lorem mi eleifend Nulla pellentesque quis Proin nunc. Nec justo augue tempor ligula interdum montes massa metus wisi nulla. Eget magna dui Nulla Maecenas Sed vitae et commodo congue mauris. Et auctor molestie est accumsan id orci convallis Sed ullamcorper ut. Iaculis dui Lorem vel leo cursus ac fames nibh a magna. Augue pede ut porttitor natoque interdum.\r\n\r\nTurpis Vivamus tempus consequat massa euismod nec fringilla nibh Vestibulum ut. Rhoncus nunc Aenean malesuada orci ac Vestibulum et eros tempus Morbi. Cursus odio et Vivamus at tempus quis mauris enim habitasse elit. Fringilla tristique consequat id Vestibulum habitant in leo augue auctor dui. Eros urna convallis nunc Cum Nam quis tincidunt vitae nibh odio. Sit Nulla Integer consectetuer.\r\n\r\nRidiculus montes vitae pretium pede adipiscing enim ipsum justo lobortis sagittis. Urna leo sit Phasellus mollis platea ac laoreet risus nec gravida. Congue est ac et est auctor tellus Vivamus Nullam Cum ipsum. Nam ligula egestas ligula turpis eget non Donec Vestibulum Fusce Nam. Nam ac nisl molestie id ut volutpat urna sem convallis convallis. Lacinia nec morbi parturient netus.\r\n\r\nTortor accumsan enim tempor est at pharetra tellus vitae Cras Sed. Euismod ligula vitae parturient leo lorem nunc eros quam wisi commodo. Congue scelerisque sed et adipiscing in Nullam adipiscing dictum enim justo. Tortor ac Donec congue id est malesuada in ornare et pellentesque. Nam Vestibulum enim ac vitae mauris ligula nibh dolor Ut sed. Nibh commodo semper dictumst et.\r\n\r\n', '2015-04-21 06:00:47'),
(7, 1, 8, 0, 4, 'Turpis Vivamus tempus consequat massa euismod nec fringilla nibh Vestibulum ut. Rhoncus nunc Aenean malesuada orci ac Vestibulum et eros tempus Morbi. Cursus odio et Vivamus at tempus quis mauris enim habitasse elit. Fringilla tristique consequat id Vestibulum habitant in leo augue auctor dui. Eros urna convallis nunc Cum Nam quis tincidunt vitae nibh odio. Sit Nulla Integer consectetuer.\r\n\r\nRidiculus montes vitae pretium pede adipiscing enim ipsum justo lobortis sagittis. Urna leo sit Phasellus mollis platea ac laoreet risus nec gravida. Congue est ac et est auctor tellus Vivamus Nullam Cum ipsum. Nam ligula egestas ligula turpis eget non Donec Vestibulum Fusce Nam. Nam ac nisl molestie id ut volutpat urna sem convallis convallis. Lacinia nec morbi parturient netus.\r\n\r\nTortor accumsan enim tempor est at pharetra tellus vitae Cras Sed. Euismod ligula vitae parturient leo lorem nunc eros quam wisi commodo. Congue scelerisque sed et adipiscing in Nullam adipiscing dictum enim justo. Tortor ac Donec congue id est malesuada in ornare et pellentesque. Nam Vestibulum enim ac vitae mauris ligula nibh dolor Ut sed. Nibh commodo semper dictumst et.', '2015-04-21 06:00:47'),
(8, 3, 15, 0, 3, 'Lorem ipsum dolor sit amet consectetuer in aliquet auctor id diam. Et nisl nibh rutrum consectetuer convallis mauris condimentum turpis non dui. Sit lobortis massa semper elit eu id sed orci et Suspendisse. Tortor congue dapibus justo eu dolor libero Suspendisse facilisis nibh Curabitur. Vitae sit eu Pellentesque amet fermentum gravida vestibulum tempor convallis.\r\n\r\nVolutpat convallis eu Quisque congue vitae tempus tempor magnis augue est. Suscipit pede pretium mattis vitae Sed quis ultrices lacinia sem tristique. Eu ipsum pretium adipiscing semper nec orci montes feugiat libero tortor. Et risus Pellentesque at auctor Nulla et augue eleifend orci Curabitur. Tincidunt consequat augue est pretium consectetuer tortor mauris adipiscing elit Nam. Malesuada pede lacus odio lacinia.\r\n', '2015-04-21 06:00:47'),
(9, 3, 16, 0, 3, 'Lorem ipsum dolor sit amet consectetuer Vestibulum sit semper ut lorem. Non tellus consectetuer a consectetuer nec fringilla at Phasellus ullamcorper Nam. Morbi faucibus nunc lorem Curabitur ipsum nascetur eros tempus Vestibulum volutpat. Justo turpis interdum justo condimentum pede pretium convallis semper Integer a. Tellus Maecenas In adipiscing consequat Aliquam urna Sed.\r\n', '2015-04-21 06:00:47'),
(10, 3, 17, 0, 3, 'Lorem ipsum dolor sit amet consectetuer ornare ipsum pretium ligula pretium. Mus et facilisi consectetuer Sed dolor ornare ante urna tortor at. Vestibulum wisi pretium pulvinar adipiscing nibh molestie orci risus nibh suscipit. Nec magnis hendrerit magna Nulla dis semper et wisi id non. Magna tristique Nulla et justo nulla semper a nulla In hac. Vitae pretium turpis lacinia sollicitudin quis.\r\n\r\nPellentesque Nam dui ligula vel eget adipiscing cursus a Duis Proin. Interdum Morbi mattis urna Nam tempor a Integer Curabitur ut metus. Neque tincidunt turpis felis neque at libero mus metus at Aenean. Eu sed Donec habitant et cursus justo laoreet sit Vivamus Lorem. Urna nunc Pellentesque tincidunt consequat tempus pretium consectetuer a congue ligula. Odio laoreet Pellentesque Vestibulum iaculis sapien consectetuer sit.\r\n\r\nCras eleifend nibh ridiculus dictumst pretium In Nulla augue et libero. Pretium pretium Nam felis id Sed Nulla consectetuer iaculis pharetra feugiat. Dui pellentesque Phasellus Sed id eu volutpat nibh ligula vestibulum risus. Vestibulum eu interdum orci a pretium consequat ipsum tristique ridiculus enim. Dolor ullamcorper lacinia amet ipsum Aenean vitae tortor Cum purus pede. Nec eu Aenean nec Curabitur justo.\r\n\r\n', '2015-04-21 06:00:47'),
(11, 3, 18, 0, 1, 'Turpis Vivamus tempus consequat massa euismod nec fringilla nibh Vestibulum ut. Rhoncus nunc Aenean malesuada orci ac Vestibulum et eros tempus Morbi. Cursus odio et Vivamus at tempus quis mauris enim habitasse elit. Fringilla tristique consequat id Vestibulum habitant in leo augue auctor dui. Eros urna convallis nunc Cum Nam quis tincidunt vitae nibh odio.', '2015-04-21 06:00:47'),
(12, 4, 19, 0, 1, 'Ridiculus montes vitae pretium pede adipiscing enim ipsum justo lobortis sagittis. Urna leo sit Phasellus mollis platea ac laoreet risus nec gravida. Congue est ac et est auctor tellus Vivamus Nullam Cum ipsum. Nam ligula egestas ligula turpis eget non Donec Vestibulum Fusce Nam. Nam ac nisl molestie id ut volutpat urna sem convallis convallis. Lacinia nec morbi parturient netus.\r\n\r\nTortor accumsan enim tempor est at pharetra tellus vitae Cras Sed. Euismod ligula vitae parturient leo lorem nunc eros quam wisi commodo. Congue scelerisque sed et adipiscing in Nullam adipiscing dictum enim justo. Tortor ac Donec congue id est malesuada in ornare et pellentesque. Nam Vestibulum enim ac vitae mauris ligula nibh dolor Ut sed. Nibh commodo semper dictumst et.', '2015-04-21 06:00:47'),
(13, 4, 20, 0, 2, 'Ridiculus montes vitae pretium pede adipiscing enim ipsum justo lobortis sagittis. Urna leo sit Phasellus mollis platea ac laoreet risus nec gravida. Congue est ac et est auctor tellus Vivamus Nullam Cum ipsum. Nam ligula egestas ligula turpis eget non Donec Vestibulum Fusce Nam. Nam ac nisl molestie id ut volutpat urna sem convallis convallis. Lacinia nec morbi parturient netus.', '2015-04-21 06:00:47'),
(14, 4, 21, 0, 2, 'Tortor accumsan enim tempor est at pharetra tellus vitae Cras Sed. Euismod ligula vitae parturient leo lorem nunc eros quam wisi commodo. Congue scelerisque sed et adipiscing in Nullam adipiscing dictum enim justo. Tortor ac Donec congue id est malesuada in ornare et pellentesque. Nam Vestibulum enim ac vitae mauris ligula nibh dolor Ut sed. Nibh commodo semper dictumst et.', '2015-04-21 06:00:47'),
(15, 7, 10, 0, 1, 'Sapien turpis ac orci dui ac quis odio pretium malesuada Pellentesque. Purus sed pede dignissim sapien Curabitur sapien eros Pellentesque pretium convallis. Lorem tortor id risus dui Curabitur parturient dolor Quisque nec Aenean. Orci lorem quis sit pellentesque orci id amet id auctor facilisis. Leo at gravida et elit vitae volutpat pretium fames at dictumst. ', '2015-04-21 06:00:47'),
(16, 7, 12, 0, 4, 'Lorem ipsum dolor sit amet consectetuer in aliquet auctor id diam. Et nisl nibh rutrum consectetuer convallis mauris condimentum turpis non dui. Sit lobortis massa semper elit eu id sed orci et Suspendisse. Tortor congue dapibus justo eu dolor libero Suspendisse facilisis nibh Curabitur. Vitae sit eu Pellentesque amet fermentum gravida vestibulum tempor convallis.\r\n\r\nVolutpat convallis eu Quisque congue vitae tempus tempor magnis augue est. Suscipit pede pretium mattis vitae Sed quis ultrices lacinia sem tristique. Eu ipsum pretium adipiscing semper nec orci montes feugiat libero tortor. Et risus Pellentesque at auctor Nulla et augue eleifend orci Curabitur. Tincidunt consequat augue est pretium consectetuer tortor mauris adipiscing elit Nam. Malesuada pede lacus odio lacinia.\r\n', '2015-04-21 06:00:47'),
(17, 7, 14, 0, 2, 'Lorem ipsum dolor sit amet consectetuer ornare ipsum pretium ligula pretium. Mus et facilisi consectetuer Sed dolor ornare ante urna tortor at. Vestibulum wisi pretium pulvinar adipiscing nibh molestie orci risus nibh suscipit. Nec magnis hendrerit magna Nulla dis semper et wisi id non. Magna tristique Nulla et justo nulla semper a nulla In hac. Vitae pretium turpis lacinia sollicitudin quis.\r\n\r\nPellentesque Nam dui ligula vel eget adipiscing cursus a Duis Proin. Interdum Morbi mattis urna Nam tempor a Integer Curabitur ut metus. Neque tincidunt turpis felis neque at libero mus metus at Aenean. Eu sed Donec habitant et cursus justo laoreet sit Vivamus Lorem. Urna nunc Pellentesque tincidunt consequat tempus pretium consectetuer a congue ligula. Odio laoreet Pellentesque Vestibulum iaculis sapien consectetuer sit.\r\n\r\nCras eleifend nibh ridiculus dictumst pretium In Nulla augue et libero. Pretium pretium Nam felis id Sed Nulla consectetuer iaculis pharetra feugiat. Dui pellentesque Phasellus Sed id eu volutpat nibh ligula vestibulum risus. Vestibulum eu interdum orci a pretium consequat ipsum tristique ridiculus enim. Dolor ullamcorper lacinia amet ipsum Aenean vitae tortor Cum purus pede. Nec eu Aenean nec Curabitur justo.\r\n\r\nAliquam et ligula Lorem mi eleifend Nulla pellentesque quis Proin nunc. Nec justo augue tempor ligula interdum montes massa metus wisi nulla. Eget magna dui Nulla Maecenas Sed vitae et commodo congue mauris. Et auctor molestie est accumsan id orci convallis Sed ullamcorper ut. Iaculis dui Lorem vel leo cursus ac fames nibh a magna. Augue pede ut porttitor natoque interdum.\r\n\r\nTurpis Vivamus tempus consequat massa euismod nec fringilla nibh Vestibulum ut. Rhoncus nunc Aenean malesuada orci ac Vestibulum et eros tempus Morbi. Cursus odio et Vivamus at tempus quis mauris enim habitasse elit. Fringilla tristique consequat id Vestibulum habitant in leo augue auctor dui. Eros urna convallis nunc Cum Nam quis tincidunt vitae nibh odio. Sit Nulla Integer consectetuer.\r\n\r\nRidiculus montes vitae pretium pede adipiscing enim ipsum justo lobortis sagittis. Urna leo sit Phasellus mollis platea ac laoreet risus nec gravida. Congue est ac et est auctor tellus Vivamus Nullam Cum ipsum. Nam ligula egestas ligula turpis eget non Donec Vestibulum Fusce Nam. Nam ac nisl molestie id ut volutpat urna sem convallis convallis. Lacinia nec morbi parturient netus.\r\n\r\nTortor accumsan enim tempor est at pharetra tellus vitae Cras Sed. Euismod ligula vitae parturient leo lorem nunc eros quam wisi commodo. Congue scelerisque sed et adipiscing in Nullam adipiscing dictum enim justo. Tortor ac Donec congue id est malesuada in ornare et pellentesque. Nam Vestibulum enim ac vitae mauris ligula nibh dolor Ut sed. Nibh commodo semper dictumst et.\r\n\r\n', '2015-04-21 06:00:47'),
(18, 7, 13, 2, 4, 'Lorem ipsum dolor sit amet consectetuer Vestibulum sit semper ut lorem. Non tellus consectetuer a consectetuer nec fringilla at Phasellus ullamcorper Nam. Morbi faucibus nunc lorem Curabitur ipsum nascetur eros tempus Vestibulum volutpat. Justo turpis interdum justo condimentum pede pretium convallis semper Integer a. Tellus Maecenas In adipiscing consequat Aliquam urna Sed.\r\n', '2015-04-21 06:00:47'),
(19, 2, 22, 0, 1, 'Hradec Králové\r\n- tel.\r\n- email:\r\n- facebook:', '2015-05-09 09:20:12'),
(20, 1, 1, 0, 1, '**Karkulka šla** "do lesa":http://www.lesycr.cz/Stranky/default.aspx a lákamí vůněhulás úmyval rohlivý jednovod lek umělý znou sůl posko dopistroj. Úmyvad z Jít vůně umělý bý umělý rojskočár zno čajený ček. Přední al zako bý ma je kolobicí úmyval čepicí řícipádní obit. Bolo magne málněžná ští podlo zak škoda sou z vůně mený. Poci.\r\n\r\nLorem ipsum dolor sit amet consectetuer Vestibulum pellentesque semper netus laoreet. Dui malesuada quis ut Ut justo felis id pede ligula mauris. Urna Nunc neque Praesent a lacinia tortor vel morbi nibh id. At Phasellus In Sed Phasellus tristique eget egestas id eros volutpat. At Vestibulum mauris ut nibh sollicitudin porttitor Integer.\r\n\r\n\r\n', '2015-05-09 10:00:36'),
(21, 1, 2, 0, 1, '', '2015-05-09 10:00:36'),
(22, 1, 4, 0, 1, 'Lorem ipsum dolor sit amet consectetuer et pede interdum non augue. Faucibus in congue Quisque ac cursus et Vestibulum quis Maecenas pharetra. Curabitur elit fringilla accumsan quis natoque aliquam Maecenas et libero Vestibulum. Augue wisi tincidunt dis est accumsan porttitor tempus nulla Nulla montes. Quis Sed risus Aenean quis pede risus id.\r\n\r\nElit et tortor et parturient **condimentum Vivamus Donec** hendrerit nunc et. Justo Vivamus enim dolor elit ante eget Cum dis eros convallis. Curabitur In facilisi orci pretium Nunc Pellentesque condimentum lorem eros suscipit. Vivamus quis fames ut Sed Ut velit nunc tempus elit Aliquam. Tempus "pellentesque lacus":/osobni-promeny-kontakt/ Aenean congue sed tincidunt nisl rhoncus est ut. A mollis justo convallis congue odio dui dui ut Sed.\r\n\r\nSapien turpis ac orci dui ac quis odio pretium malesuada Pellentesque. Purus sed pede dignissim sapien Curabitur sapien eros Pellentesque pretium convallis. Lorem tortor id risus dui Curabitur parturient dolor Quisque nec Aenean. Orci lorem quis sit pellentesque orci id amet id auctor facilisis. Leo at gravida et elit vitae volutpat pretium fames at dictumst. \r\n\r\nTincidunt at metus et Vestibulum id Maecenas Vestibulum eros consequat cursus. Faucibus semper pretium Nam et semper vitae et dui adipiscing id. Fermentum odio eu sodales porttitor nec et ultrices fames quam Nulla. Quis in pretium consequat enim tempor lacinia Pellentesque aliquam congue sem. Elit tincidunt tincidunt egestas senectus Fusce cursus id ut.\r\n', '2015-05-09 10:00:36'),
(23, 1, 5, 0, 4, 'Lorem ipsum dolor sit amet consectetuer in aliquet auctor id diam. Et nisl nibh rutrum consectetuer convallis mauris condimentum turpis non dui. Sit lobortis massa semper elit eu id sed orci et Suspendisse. Tortor congue dapibus justo eu dolor libero Suspendisse facilisis nibh Curabitur. Vitae sit eu Pellentesque amet fermentum gravida vestibulum tempor convallis.\r\n\r\nVolutpat convallis eu Quisque congue vitae tempus tempor magnis augue est. Suscipit pede pretium mattis vitae Sed quis ultrices lacinia sem tristique. Eu ipsum pretium adipiscing semper nec orci montes feugiat libero tortor. Et risus Pellentesque at auctor Nulla et augue eleifend orci Curabitur. Tincidunt consequat augue est pretium consectetuer tortor mauris adipiscing elit Nam. Malesuada pede lacus odio lacinia.\r\n', '2015-05-09 10:00:36'),
(24, 1, 6, 0, 4, 'Lorem ipsum dolor sit amet consectetuer Vestibulum sit semper ut lorem. Non tellus consectetuer a consectetuer nec fringilla at Phasellus ullamcorper Nam. Morbi faucibus nunc lorem Curabitur ipsum nascetur eros tempus Vestibulum volutpat. Justo turpis interdum justo condimentum pede pretium convallis semper Integer a. Tellus Maecenas In adipiscing consequat Aliquam urna Sed.\r\n', '2015-05-09 10:00:36'),
(25, 1, 7, 0, 4, 'Lorem ipsum dolor sit amet consectetuer ornare ipsum pretium ligula pretium. Mus et facilisi consectetuer Sed dolor ornare ante urna tortor at. Vestibulum wisi pretium pulvinar adipiscing nibh molestie orci risus nibh suscipit. Nec magnis hendrerit magna Nulla dis semper et wisi id non. Magna tristique Nulla et justo nulla semper a nulla In hac. Vitae pretium turpis lacinia sollicitudin quis.\r\n\r\nPellentesque Nam dui ligula vel eget adipiscing cursus a Duis Proin. Interdum Morbi mattis urna Nam tempor a Integer Curabitur ut metus. Neque tincidunt turpis felis neque at libero mus metus at Aenean. Eu sed Donec habitant et cursus justo laoreet sit Vivamus Lorem. Urna nunc Pellentesque tincidunt consequat tempus pretium consectetuer a congue ligula. Odio laoreet Pellentesque Vestibulum iaculis sapien consectetuer sit.\r\n\r\nCras eleifend nibh ridiculus dictumst pretium In Nulla augue et libero. Pretium pretium Nam felis id Sed Nulla consectetuer iaculis pharetra feugiat. Dui pellentesque Phasellus Sed id eu volutpat nibh ligula vestibulum risus. Vestibulum eu interdum orci a pretium consequat ipsum tristique ridiculus enim. Dolor ullamcorper lacinia amet ipsum Aenean vitae tortor Cum purus pede. Nec eu Aenean nec Curabitur justo.\r\n\r\nAliquam et ligula Lorem mi eleifend Nulla pellentesque quis Proin nunc. Nec justo augue tempor ligula interdum montes massa metus wisi nulla. Eget magna dui Nulla Maecenas Sed vitae et commodo congue mauris. Et auctor molestie est accumsan id orci convallis Sed ullamcorper ut. Iaculis dui Lorem vel leo cursus ac fames nibh a magna. Augue pede ut porttitor natoque interdum.\r\n\r\nTurpis Vivamus tempus consequat massa euismod nec fringilla nibh Vestibulum ut. Rhoncus nunc Aenean malesuada orci ac Vestibulum et eros tempus Morbi. Cursus odio et Vivamus at tempus quis mauris enim habitasse elit. Fringilla tristique consequat id Vestibulum habitant in leo augue auctor dui. Eros urna convallis nunc Cum Nam quis tincidunt vitae nibh odio. Sit Nulla Integer consectetuer.\r\n\r\nRidiculus montes vitae pretium pede adipiscing enim ipsum justo lobortis sagittis. Urna leo sit Phasellus mollis platea ac laoreet risus nec gravida. Congue est ac et est auctor tellus Vivamus Nullam Cum ipsum. Nam ligula egestas ligula turpis eget non Donec Vestibulum Fusce Nam. Nam ac nisl molestie id ut volutpat urna sem convallis convallis. Lacinia nec morbi parturient netus.\r\n\r\nTortor accumsan enim tempor est at pharetra tellus vitae Cras Sed. Euismod ligula vitae parturient leo lorem nunc eros quam wisi commodo. Congue scelerisque sed et adipiscing in Nullam adipiscing dictum enim justo. Tortor ac Donec congue id est malesuada in ornare et pellentesque. Nam Vestibulum enim ac vitae mauris ligula nibh dolor Ut sed. Nibh commodo semper dictumst et.\r\n\r\n', '2015-05-09 10:00:36'),
(26, 1, 8, 0, 4, 'Turpis Vivamus tempus consequat massa euismod nec fringilla nibh Vestibulum ut. Rhoncus nunc Aenean malesuada orci ac Vestibulum et eros tempus Morbi. Cursus odio et Vivamus at tempus quis mauris enim habitasse elit. Fringilla tristique consequat id Vestibulum habitant in leo augue auctor dui. Eros urna convallis nunc Cum Nam quis tincidunt vitae nibh odio. Sit Nulla Integer consectetuer.\r\n\r\nRidiculus montes vitae pretium pede adipiscing enim ipsum justo lobortis sagittis. Urna leo sit Phasellus mollis platea ac laoreet risus nec gravida. Congue est ac et est auctor tellus Vivamus Nullam Cum ipsum. Nam ligula egestas ligula turpis eget non Donec Vestibulum Fusce Nam. Nam ac nisl molestie id ut volutpat urna sem convallis convallis. Lacinia nec morbi parturient netus.\r\n\r\nTortor accumsan enim tempor est at pharetra tellus vitae Cras Sed. Euismod ligula vitae parturient leo lorem nunc eros quam wisi commodo. Congue scelerisque sed et adipiscing in Nullam adipiscing dictum enim justo. Tortor ac Donec congue id est malesuada in ornare et pellentesque. Nam Vestibulum enim ac vitae mauris ligula nibh dolor Ut sed. Nibh commodo semper dictumst et.', '2015-05-09 10:00:36'),
(27, 2, 22, 0, 1, '- město: Hradec Králové\r\n- telefon: 732 883 091\r\n- email: info@skryta-identita.cz\r\n- facebook: "Skrytá identita":https://www.facebook.com/pages/Skrytá-identita', '2015-05-09 10:00:36'),
(28, 3, 15, 0, 3, 'Lorem ipsum dolor sit amet consectetuer in aliquet auctor id diam. Et nisl nibh rutrum consectetuer convallis mauris condimentum turpis non dui. Sit lobortis massa semper elit eu id sed orci et Suspendisse. Tortor congue dapibus justo eu dolor libero Suspendisse facilisis nibh Curabitur. Vitae sit eu Pellentesque amet fermentum gravida vestibulum tempor convallis.\r\n\r\nVolutpat convallis eu Quisque congue vitae tempus tempor magnis augue est. Suscipit pede pretium mattis vitae Sed quis ultrices lacinia sem tristique. Eu ipsum pretium adipiscing semper nec orci montes feugiat libero tortor. Et risus Pellentesque at auctor Nulla et augue eleifend orci Curabitur. Tincidunt consequat augue est pretium consectetuer tortor mauris adipiscing elit Nam. Malesuada pede lacus odio lacinia.\r\n', '2015-05-09 10:00:36'),
(29, 3, 16, 0, 3, 'Lorem ipsum dolor sit amet consectetuer Vestibulum sit semper ut lorem. Non tellus consectetuer a consectetuer nec fringilla at Phasellus ullamcorper Nam. Morbi faucibus nunc lorem Curabitur ipsum nascetur eros tempus Vestibulum volutpat. Justo turpis interdum justo condimentum pede pretium convallis semper Integer a. Tellus Maecenas In adipiscing consequat Aliquam urna Sed.\r\n', '2015-05-09 10:00:36'),
(30, 3, 17, 0, 3, 'Lorem ipsum dolor sit amet consectetuer ornare ipsum pretium ligula pretium. Mus et facilisi consectetuer Sed dolor ornare ante urna tortor at. Vestibulum wisi pretium pulvinar adipiscing nibh molestie orci risus nibh suscipit. Nec magnis hendrerit magna Nulla dis semper et wisi id non. Magna tristique Nulla et justo nulla semper a nulla In hac. Vitae pretium turpis lacinia sollicitudin quis.\r\n\r\nPellentesque Nam dui ligula vel eget adipiscing cursus a Duis Proin. Interdum Morbi mattis urna Nam tempor a Integer Curabitur ut metus. Neque tincidunt turpis felis neque at libero mus metus at Aenean. Eu sed Donec habitant et cursus justo laoreet sit Vivamus Lorem. Urna nunc Pellentesque tincidunt consequat tempus pretium consectetuer a congue ligula. Odio laoreet Pellentesque Vestibulum iaculis sapien consectetuer sit.\r\n\r\nCras eleifend nibh ridiculus dictumst pretium In Nulla augue et libero. Pretium pretium Nam felis id Sed Nulla consectetuer iaculis pharetra feugiat. Dui pellentesque Phasellus Sed id eu volutpat nibh ligula vestibulum risus. Vestibulum eu interdum orci a pretium consequat ipsum tristique ridiculus enim. Dolor ullamcorper lacinia amet ipsum Aenean vitae tortor Cum purus pede. Nec eu Aenean nec Curabitur justo.\r\n\r\n', '2015-05-09 10:00:36'),
(31, 3, 18, 0, 1, 'Turpis Vivamus tempus consequat massa euismod nec fringilla nibh Vestibulum ut. Rhoncus nunc Aenean malesuada orci ac Vestibulum et eros tempus Morbi. Cursus odio et Vivamus at tempus quis mauris enim habitasse elit. Fringilla tristique consequat id Vestibulum habitant in leo augue auctor dui. Eros urna convallis nunc Cum Nam quis tincidunt vitae nibh odio.', '2015-05-09 10:00:36'),
(32, 4, 19, 0, 1, 'Ridiculus montes vitae pretium pede adipiscing enim ipsum justo lobortis sagittis. Urna leo sit Phasellus mollis platea ac laoreet risus nec gravida. Congue est ac et est auctor tellus Vivamus Nullam Cum ipsum. Nam ligula egestas ligula turpis eget non Donec Vestibulum Fusce Nam. Nam ac nisl molestie id ut volutpat urna sem convallis convallis. Lacinia nec morbi parturient netus.\r\n\r\nTortor accumsan enim tempor est at pharetra tellus vitae Cras Sed. Euismod ligula vitae parturient leo lorem nunc eros quam wisi commodo. Congue scelerisque sed et adipiscing in Nullam adipiscing dictum enim justo. Tortor ac Donec congue id est malesuada in ornare et pellentesque. Nam Vestibulum enim ac vitae mauris ligula nibh dolor Ut sed. Nibh commodo semper dictumst et.', '2015-05-09 10:00:36'),
(33, 4, 20, 0, 2, 'Ridiculus montes vitae pretium pede adipiscing enim ipsum justo lobortis sagittis. Urna leo sit Phasellus mollis platea ac laoreet risus nec gravida. Congue est ac et est auctor tellus Vivamus Nullam Cum ipsum. Nam ligula egestas ligula turpis eget non Donec Vestibulum Fusce Nam. Nam ac nisl molestie id ut volutpat urna sem convallis convallis. Lacinia nec morbi parturient netus.', '2015-05-09 10:00:36'),
(34, 4, 21, 0, 2, 'Tortor accumsan enim tempor est at pharetra tellus vitae Cras Sed. Euismod ligula vitae parturient leo lorem nunc eros quam wisi commodo. Congue scelerisque sed et adipiscing in Nullam adipiscing dictum enim justo. Tortor ac Donec congue id est malesuada in ornare et pellentesque. Nam Vestibulum enim ac vitae mauris ligula nibh dolor Ut sed. Nibh commodo semper dictumst et.', '2015-05-09 10:00:36'),
(35, 7, 10, 0, 1, 'Sapien turpis ac orci dui ac quis odio pretium malesuada Pellentesque. Purus sed pede dignissim sapien Curabitur sapien eros Pellentesque pretium convallis. Lorem tortor id risus dui Curabitur parturient dolor Quisque nec Aenean. Orci lorem quis sit pellentesque orci id amet id auctor facilisis. Leo at gravida et elit vitae volutpat pretium fames at dictumst. ', '2015-05-09 10:00:36'),
(36, 7, 12, 0, 4, 'Lorem ipsum dolor sit amet consectetuer in aliquet auctor id diam. Et nisl nibh rutrum consectetuer convallis mauris condimentum turpis non dui. Sit lobortis massa semper elit eu id sed orci et Suspendisse. Tortor congue dapibus justo eu dolor libero Suspendisse facilisis nibh Curabitur. Vitae sit eu Pellentesque amet fermentum gravida vestibulum tempor convallis.\r\n\r\nVolutpat convallis eu Quisque congue vitae tempus tempor magnis augue est. Suscipit pede pretium mattis vitae Sed quis ultrices lacinia sem tristique. Eu ipsum pretium adipiscing semper nec orci montes feugiat libero tortor. Et risus Pellentesque at auctor Nulla et augue eleifend orci Curabitur. Tincidunt consequat augue est pretium consectetuer tortor mauris adipiscing elit Nam. Malesuada pede lacus odio lacinia.\r\n', '2015-05-09 10:00:36'),
(37, 7, 14, 0, 2, 'Lorem ipsum dolor sit amet consectetuer ornare ipsum pretium ligula pretium. Mus et facilisi consectetuer Sed dolor ornare ante urna tortor at. Vestibulum wisi pretium pulvinar adipiscing nibh molestie orci risus nibh suscipit. Nec magnis hendrerit magna Nulla dis semper et wisi id non. Magna tristique Nulla et justo nulla semper a nulla In hac. Vitae pretium turpis lacinia sollicitudin quis.\r\n\r\nPellentesque Nam dui ligula vel eget adipiscing cursus a Duis Proin. Interdum Morbi mattis urna Nam tempor a Integer Curabitur ut metus. Neque tincidunt turpis felis neque at libero mus metus at Aenean. Eu sed Donec habitant et cursus justo laoreet sit Vivamus Lorem. Urna nunc Pellentesque tincidunt consequat tempus pretium consectetuer a congue ligula. Odio laoreet Pellentesque Vestibulum iaculis sapien consectetuer sit.\r\n\r\nCras eleifend nibh ridiculus dictumst pretium In Nulla augue et libero. Pretium pretium Nam felis id Sed Nulla consectetuer iaculis pharetra feugiat. Dui pellentesque Phasellus Sed id eu volutpat nibh ligula vestibulum risus. Vestibulum eu interdum orci a pretium consequat ipsum tristique ridiculus enim. Dolor ullamcorper lacinia amet ipsum Aenean vitae tortor Cum purus pede. Nec eu Aenean nec Curabitur justo.\r\n\r\nAliquam et ligula Lorem mi eleifend Nulla pellentesque quis Proin nunc. Nec justo augue tempor ligula interdum montes massa metus wisi nulla. Eget magna dui Nulla Maecenas Sed vitae et commodo congue mauris. Et auctor molestie est accumsan id orci convallis Sed ullamcorper ut. Iaculis dui Lorem vel leo cursus ac fames nibh a magna. Augue pede ut porttitor natoque interdum.\r\n\r\nTurpis Vivamus tempus consequat massa euismod nec fringilla nibh Vestibulum ut. Rhoncus nunc Aenean malesuada orci ac Vestibulum et eros tempus Morbi. Cursus odio et Vivamus at tempus quis mauris enim habitasse elit. Fringilla tristique consequat id Vestibulum habitant in leo augue auctor dui. Eros urna convallis nunc Cum Nam quis tincidunt vitae nibh odio. Sit Nulla Integer consectetuer.\r\n\r\nRidiculus montes vitae pretium pede adipiscing enim ipsum justo lobortis sagittis. Urna leo sit Phasellus mollis platea ac laoreet risus nec gravida. Congue est ac et est auctor tellus Vivamus Nullam Cum ipsum. Nam ligula egestas ligula turpis eget non Donec Vestibulum Fusce Nam. Nam ac nisl molestie id ut volutpat urna sem convallis convallis. Lacinia nec morbi parturient netus.\r\n\r\nTortor accumsan enim tempor est at pharetra tellus vitae Cras Sed. Euismod ligula vitae parturient leo lorem nunc eros quam wisi commodo. Congue scelerisque sed et adipiscing in Nullam adipiscing dictum enim justo. Tortor ac Donec congue id est malesuada in ornare et pellentesque. Nam Vestibulum enim ac vitae mauris ligula nibh dolor Ut sed. Nibh commodo semper dictumst et.\r\n\r\n', '2015-05-09 10:00:36'),
(38, 7, 13, 2, 4, 'Lorem ipsum dolor sit amet consectetuer Vestibulum sit semper ut lorem. Non tellus consectetuer a consectetuer nec fringilla at Phasellus ullamcorper Nam. Morbi faucibus nunc lorem Curabitur ipsum nascetur eros tempus Vestibulum volutpat. Justo turpis interdum justo condimentum pede pretium convallis semper Integer a. Tellus Maecenas In adipiscing consequat Aliquam urna Sed.\r\n', '2015-05-09 10:00:36'),
(39, 2, 22, 0, 1, '- město: Hradec Králové\r\n- telefon: 732 883 091\r\n- email: info@skryta-identita.cz\r\n- facebook: "Skrytá identita":https://www.facebook.com/pages/Skrytá-identita/1390054944650716?pnref=lhc', '2015-05-09 10:01:32'),
(40, 4, 19, 0, 1, 'skupinová fotka zarovnaná na střed\r\n\r\nKrátký úvodní text o týmu Skryté identity. Krátký úvodní text o týmu Skryté identity. Krátký úvodní text o týmu Skryté identity. Krátký úvodní text o týmu Skryté identity. Krátký úvodní text o týmu Skryté identity. Krátký úvodní text o týmu Skryté identity.\r\n\r\nportrét zarovnaný vlevo + text vedle\r\nVlasová stylistka Petra Pešinová\r\n********************************\r\nMoji filosofií je vysoká kvalita, důraz na detail a osobní přístup. Výsledkem je účes dokonalé barvy, osobitého střihu, který dokáže podtrhnout a zdůraznit vaše jedinečné rysy a krásu, a kterou si zároveň dokážete upravit sami.\r\n\r\nportrét zarovnaný vlevo + text vedle\r\nVizážistka Eliška Čejková\r\n*************************\r\nKaždý muž může být modelem. Líčení pro podtržení Vaší přirozené krásy i rafinované variace pro umělecké fotografie.\r\n\r\nportrét zarovnaný vlevo + text vedle\r\nMódní návrhářka Jitka Šedová\r\n****************************\r\n- autorská modelová tvorba značky jR\r\n- originální doplňky a autorské šperky\r\n- zakázková tvorba oděvů, zakázkové krejčovství\r\n\r\nportrét zarovnaný vlevo + text vedle\r\nFotograf Lukáš Urban\r\n*********************\r\nNěco o sobě budu muset napsat ...\r\nMé portfólio najdete na webu "fotourban.cz":http://fotourban.cz', '2015-05-09 10:42:29'),
(41, 4, 19, 0, 1, 'skupinová fotka zarovnaná na střed\r\n\r\nKrátký úvodní text o týmu Skryté identity. Krátký úvodní text o týmu Skryté identity. Krátký úvodní text o týmu Skryté identity. Krátký úvodní text o týmu Skryté identity. Krátký úvodní text o týmu Skryté identity. Krátký úvodní text o týmu Skryté identity.\r\n\r\nportrét zarovnaný vlevo + text vedle\r\nVlasová stylistka Petra Pešinová\r\n=================================\r\nMoji filosofií je vysoká kvalita, důraz na detail a osobní přístup. Výsledkem je účes dokonalé barvy, osobitého střihu, který dokáže podtrhnout a zdůraznit vaše jedinečné rysy a krásu, a kterou si zároveň dokážete upravit sami.\r\n\r\nportrét zarovnaný vlevo + text vedle zarovnaný vlevo\r\nVizážistka Eliška Čejková\r\n==========================\r\nKaždý muž může být modelem. Líčení pro podtržení Vaší přirozené krásy i rafinované variace pro umělecké fotografie.\r\n\r\nportrét zarovnaný vlevo + text vedle\r\nMódní návrhářka Jitka Šedová\r\n============================\r\n- autorská modelová tvorba značky jR\r\n- originální doplňky a autorské šperky\r\n- zakázková tvorba oděvů, zakázkové krejčovství\r\n\r\nportrét zarovnaný vlevo + text vedle\r\nFotograf Lukáš Urban\r\n=====================\r\nNěco o sobě budu muset napsat ...\r\nMé portfólio najdete na webu "fotourban.cz":http://fotourban.cz', '2015-05-09 10:44:01'),
(42, 1, 1, 0, 1, 'Text, který vysvětlí co je Skrytá identita, ať hned každý ví, že jde o pánské proměny vizáže. Mělo by zaznít, že to je zážitek na půl dne. Text by neměl být dlouhý.\r\n\r\nfotka slepek, zarovnaná na střed', '2015-05-09 13:59:14'),
(43, 2, 22, 0, 1, 'skupinová fotka zarovnaná na střed\r\n\r\n- město: Hradec Králové\r\n- telefon: 732 883 091\r\n- email: info@skryta-identita.cz\r\n- facebook: "Skrytá identita":https://www.facebook.com/pages/Skrytá-identita/1390054944650716?pnref=lhc', '2015-05-09 13:59:14'),
(44, 3, 15, 0, 3, 'Lorem ipsum dolor sit amet consectetuer in aliquet auctor id diam. Et nisl nibh rutrum consectetuer convallis mauris condimentum turpis non dui. Sit lobortis massa semper elit eu id sed orci et Suspendisse. Tortor congue dapibus justo eu dolor libero Suspendisse facilisis nibh Curabitur. Vitae sit eu Pellentesque amet fermentum gravida vestibulum tempor convallis.\r\n\r\nVolutpat convallis eu Quisque congue vitae tempus tempor magnis augue est. Suscipit pede pretium mattis vitae Sed quis ultrices lacinia sem tristique. Eu ipsum pretium adipiscing semper nec orci montes feugiat libero tortor. Et risus Pellentesque at auctor Nulla et augue eleifend orci Curabitur. Tincidunt consequat augue est pretium consectetuer tortor mauris adipiscing elit Nam. Malesuada pede lacus odio lacinia.\r\n', '2015-05-09 13:59:14'),
(45, 3, 16, 0, 3, 'Lorem ipsum dolor sit amet consectetuer Vestibulum sit semper ut lorem. Non tellus consectetuer a consectetuer nec fringilla at Phasellus ullamcorper Nam. Morbi faucibus nunc lorem Curabitur ipsum nascetur eros tempus Vestibulum volutpat. Justo turpis interdum justo condimentum pede pretium convallis semper Integer a. Tellus Maecenas In adipiscing consequat Aliquam urna Sed.\r\n', '2015-05-09 13:59:14'),
(46, 3, 17, 0, 3, 'Lorem ipsum dolor sit amet consectetuer ornare ipsum pretium ligula pretium. Mus et facilisi consectetuer Sed dolor ornare ante urna tortor at. Vestibulum wisi pretium pulvinar adipiscing nibh molestie orci risus nibh suscipit. Nec magnis hendrerit magna Nulla dis semper et wisi id non. Magna tristique Nulla et justo nulla semper a nulla In hac. Vitae pretium turpis lacinia sollicitudin quis.\r\n\r\nPellentesque Nam dui ligula vel eget adipiscing cursus a Duis Proin. Interdum Morbi mattis urna Nam tempor a Integer Curabitur ut metus. Neque tincidunt turpis felis neque at libero mus metus at Aenean. Eu sed Donec habitant et cursus justo laoreet sit Vivamus Lorem. Urna nunc Pellentesque tincidunt consequat tempus pretium consectetuer a congue ligula. Odio laoreet Pellentesque Vestibulum iaculis sapien consectetuer sit.\r\n\r\nCras eleifend nibh ridiculus dictumst pretium In Nulla augue et libero. Pretium pretium Nam felis id Sed Nulla consectetuer iaculis pharetra feugiat. Dui pellentesque Phasellus Sed id eu volutpat nibh ligula vestibulum risus. Vestibulum eu interdum orci a pretium consequat ipsum tristique ridiculus enim. Dolor ullamcorper lacinia amet ipsum Aenean vitae tortor Cum purus pede. Nec eu Aenean nec Curabitur justo.\r\n\r\n', '2015-05-09 13:59:14'),
(47, 3, 18, 0, 1, 'Turpis Vivamus tempus consequat massa euismod nec fringilla nibh Vestibulum ut. Rhoncus nunc Aenean malesuada orci ac Vestibulum et eros tempus Morbi. Cursus odio et Vivamus at tempus quis mauris enim habitasse elit. Fringilla tristique consequat id Vestibulum habitant in leo augue auctor dui. Eros urna convallis nunc Cum Nam quis tincidunt vitae nibh odio.', '2015-05-09 13:59:14'),
(48, 4, 19, 0, 1, 'skupinová fotka zarovnaná na střed\r\n\r\nKrátký úvodní text o týmu Skryté identity. Krátký úvodní text o týmu Skryté identity. Krátký úvodní text o týmu Skryté identity. Krátký úvodní text o týmu Skryté identity. Krátký úvodní text o týmu Skryté identity. Krátký úvodní text o týmu Skryté identity.\r\n\r\nportrét zarovnaný vlevo + text vedle\r\nVlasová stylistka Petra Pešinová\r\n=================================\r\nMoji filosofií je vysoká kvalita, důraz na detail a osobní přístup. Výsledkem je účes dokonalé barvy, osobitého střihu, který dokáže podtrhnout a zdůraznit vaše jedinečné rysy a krásu, a kterou si zároveň dokážete upravit sami.\r\n\r\nportrét zarovnaný vlevo + text vedle zarovnaný vlevo\r\nVizážistka Eliška Čejková\r\n==========================\r\nKaždý muž může být modelem. Líčení pro podtržení Vaší přirozené krásy i rafinované variace pro umělecké fotografie.\r\n\r\nportrét zarovnaný vlevo + text vedle\r\nMódní návrhářka Jitka Šedová\r\n============================\r\n- autorská modelová tvorba značky jR\r\n- originální doplňky a autorské šperky\r\n- zakázková tvorba oděvů, zakázkové krejčovství\r\n\r\nportrét zarovnaný vlevo + text vedle\r\nFotograf Lukáš Urban\r\n=====================\r\nNěco o sobě budu muset napsat ...\r\nMé portfólio najdete na webu "fotourban.cz":http://fotourban.cz', '2015-05-09 13:59:14'),
(49, 7, 10, 0, 1, 'Sapien turpis ac orci dui ac quis odio pretium malesuada Pellentesque. Purus sed pede dignissim sapien Curabitur sapien eros Pellentesque pretium convallis. Lorem tortor id risus dui Curabitur parturient dolor Quisque nec Aenean. Orci lorem quis sit pellentesque orci id amet id auctor facilisis. Leo at gravida et elit vitae volutpat pretium fames at dictumst. ', '2015-05-09 13:59:14'),
(50, 7, 12, 0, 4, 'Lorem ipsum dolor sit amet consectetuer in aliquet auctor id diam. Et nisl nibh rutrum consectetuer convallis mauris condimentum turpis non dui. Sit lobortis massa semper elit eu id sed orci et Suspendisse. Tortor congue dapibus justo eu dolor libero Suspendisse facilisis nibh Curabitur. Vitae sit eu Pellentesque amet fermentum gravida vestibulum tempor convallis.\r\n\r\nVolutpat convallis eu Quisque congue vitae tempus tempor magnis augue est. Suscipit pede pretium mattis vitae Sed quis ultrices lacinia sem tristique. Eu ipsum pretium adipiscing semper nec orci montes feugiat libero tortor. Et risus Pellentesque at auctor Nulla et augue eleifend orci Curabitur. Tincidunt consequat augue est pretium consectetuer tortor mauris adipiscing elit Nam. Malesuada pede lacus odio lacinia.\r\n', '2015-05-09 13:59:14'),
(51, 7, 14, 0, 2, 'Lorem ipsum dolor sit amet consectetuer ornare ipsum pretium ligula pretium. Mus et facilisi consectetuer Sed dolor ornare ante urna tortor at. Vestibulum wisi pretium pulvinar adipiscing nibh molestie orci risus nibh suscipit. Nec magnis hendrerit magna Nulla dis semper et wisi id non. Magna tristique Nulla et justo nulla semper a nulla In hac. Vitae pretium turpis lacinia sollicitudin quis.\r\n\r\nPellentesque Nam dui ligula vel eget adipiscing cursus a Duis Proin. Interdum Morbi mattis urna Nam tempor a Integer Curabitur ut metus. Neque tincidunt turpis felis neque at libero mus metus at Aenean. Eu sed Donec habitant et cursus justo laoreet sit Vivamus Lorem. Urna nunc Pellentesque tincidunt consequat tempus pretium consectetuer a congue ligula. Odio laoreet Pellentesque Vestibulum iaculis sapien consectetuer sit.\r\n\r\nCras eleifend nibh ridiculus dictumst pretium In Nulla augue et libero. Pretium pretium Nam felis id Sed Nulla consectetuer iaculis pharetra feugiat. Dui pellentesque Phasellus Sed id eu volutpat nibh ligula vestibulum risus. Vestibulum eu interdum orci a pretium consequat ipsum tristique ridiculus enim. Dolor ullamcorper lacinia amet ipsum Aenean vitae tortor Cum purus pede. Nec eu Aenean nec Curabitur justo.\r\n\r\nAliquam et ligula Lorem mi eleifend Nulla pellentesque quis Proin nunc. Nec justo augue tempor ligula interdum montes massa metus wisi nulla. Eget magna dui Nulla Maecenas Sed vitae et commodo congue mauris. Et auctor molestie est accumsan id orci convallis Sed ullamcorper ut. Iaculis dui Lorem vel leo cursus ac fames nibh a magna. Augue pede ut porttitor natoque interdum.\r\n\r\nTurpis Vivamus tempus consequat massa euismod nec fringilla nibh Vestibulum ut. Rhoncus nunc Aenean malesuada orci ac Vestibulum et eros tempus Morbi. Cursus odio et Vivamus at tempus quis mauris enim habitasse elit. Fringilla tristique consequat id Vestibulum habitant in leo augue auctor dui. Eros urna convallis nunc Cum Nam quis tincidunt vitae nibh odio. Sit Nulla Integer consectetuer.\r\n\r\nRidiculus montes vitae pretium pede adipiscing enim ipsum justo lobortis sagittis. Urna leo sit Phasellus mollis platea ac laoreet risus nec gravida. Congue est ac et est auctor tellus Vivamus Nullam Cum ipsum. Nam ligula egestas ligula turpis eget non Donec Vestibulum Fusce Nam. Nam ac nisl molestie id ut volutpat urna sem convallis convallis. Lacinia nec morbi parturient netus.\r\n\r\nTortor accumsan enim tempor est at pharetra tellus vitae Cras Sed. Euismod ligula vitae parturient leo lorem nunc eros quam wisi commodo. Congue scelerisque sed et adipiscing in Nullam adipiscing dictum enim justo. Tortor ac Donec congue id est malesuada in ornare et pellentesque. Nam Vestibulum enim ac vitae mauris ligula nibh dolor Ut sed. Nibh commodo semper dictumst et.\r\n\r\n', '2015-05-09 13:59:14'),
(52, 7, 13, 2, 4, 'Lorem ipsum dolor sit amet consectetuer Vestibulum sit semper ut lorem. Non tellus consectetuer a consectetuer nec fringilla at Phasellus ullamcorper Nam. Morbi faucibus nunc lorem Curabitur ipsum nascetur eros tempus Vestibulum volutpat. Justo turpis interdum justo condimentum pede pretium convallis semper Integer a. Tellus Maecenas In adipiscing consequat Aliquam urna Sed.\r\n', '2015-05-09 13:59:14'),
(53, 5, 24, 0, 1, '**Skryté identity Martina:**', '2015-05-09 14:01:36'),
(54, 5, 24, 0, 1, 'Do galerie pravidelně přidáváme fotky z jednotlivých proměn.\r\n\r\n**Skryté identity Martina:**', '2015-05-09 14:11:27'),
(55, 1, 1, 0, 1, 'Text, který vysvětlí co je Skrytá identita, ať hned každý ví, že jde o pánské proměny vizáže. Mělo by zaznít, že to je zážitek na půl dne. Text by neměl být dlouhý.\r\n\r\nfotka slepek, zarovnaná na střed', '2015-05-09 14:36:37'),
(56, 2, 22, 0, 1, 'skupinová fotka zarovnaná na střed\r\n\r\n- město: Hradec Králové\r\n- telefon: 732 883 091\r\n- email: info@skryta-identita.cz\r\n- facebook: "Skrytá identita":https://www.facebook.com/pages/Skrytá-identita/1390054944650716?pnref=lhc', '2015-05-09 14:36:37'),
(57, 3, 18, 0, 1, 'Motivační text ke koupi dárkových poukazů ... Motivační text ke koupi dárkových poukazů ... Motivační text ke koupi dárkových poukazů ... Motivační text ke koupi dárkových poukazů ... \r\n\r\nobrázek poukazu', '2015-05-09 14:36:37'),
(58, 4, 19, 0, 1, 'skupinová fotka zarovnaná na střed\r\n\r\nKrátký úvodní text o týmu Skryté identity. Krátký úvodní text o týmu Skryté identity. Krátký úvodní text o týmu Skryté identity. Krátký úvodní text o týmu Skryté identity. Krátký úvodní text o týmu Skryté identity. Krátký úvodní text o týmu Skryté identity.\r\n\r\nportrét zarovnaný vlevo + text vedle\r\n**Vlasová stylistka Petra Pešinová**\r\nMoji filosofií je vysoká kvalita, důraz na detail a osobní přístup. Výsledkem je účes dokonalé barvy, osobitého střihu, který dokáže podtrhnout a zdůraznit vaše jedinečné rysy a krásu, a kterou si zároveň dokážete upravit sami.\r\n\r\nportrét zarovnaný vlevo + text vedle zarovnaný vlevo\r\n**Vizážistka Eliška Čejková**\r\nKaždý muž může být modelem. Líčení pro podtržení Vaší přirozené krásy i rafinované variace pro umělecké fotografie.\r\n\r\nportrét zarovnaný vlevo + text vedle\r\n**Módní návrhářka Jitka Šedová**\r\n- autorská modelová tvorba značky jR\r\n- originální doplňky a autorské šperky\r\n- zakázková tvorba oděvů, zakázkové krejčovství\r\n\r\nportrét zarovnaný vlevo + text vedle\r\n**Fotograf Lukáš Urban**\r\nNěco o sobě budu muset napsat ...\r\nMé portfólio najdete na webu "fotourban.cz":http://fotourban.cz', '2015-05-09 14:36:37'),
(59, 5, 24, 0, 1, '<>Objev co v tobě je!\r\n*******************\r\n\r\n**Skryté identity Martina:**', '2015-05-09 14:36:37');
INSERT INTO `zaloha_obsah` (`id`, `stranka_id`, `editor_obsahu_stranky_id`, `poradi`, `pocet_sloupcu`, `texy`, `datum`) VALUES
(60, 7, 10, 0, 1, 'V ceně balíčku dostanete:\r\n**2x trendy účes**\r\n- stříhání\r\n- .......\r\n- .........\r\n- .......\r\n- ............\r\n** 2x fotomakeup**\r\n- ...............\r\n- ............\r\n- ...........\r\n** 2x originální model**\r\n- ............\r\n- obuv vhodné velikosti\r\n- designové doplňky a autorské šperky\r\n** 2x profesionální focení\r\n- 10 ks dokonalých fotografií\r\n- originální postrodukce a retuš\r\n- fotky do týdne od proměny\r\n**Cena dvou kompletních proměn je 3900,- Kč**\r\n\r\nJak proměna probíhá:\r\n***********************\r\n- ranní seznámení u kávy s celým teamem v Ateliéru jR\r\n- odvoz a stříhání do salónu Petra\r\n- líčení a vizáž v Ateliéru jR\r\n- focení první proměny\r\n- druhé líčení a vizáž\r\n- druhé focení\r\n\r\nPo celou dobu proměny je k dispozici občerstvení.\r\n', '2015-05-09 14:36:37'),
(61, 7, 27, 0, 1, 'Volné termíny k rezervaci:\r\n****************************\r\n- neděle 24. května\r\n- pátek ...\r\n- neděle ...\r\n- středa ...\r\n- neděle ...', '2015-05-09 14:36:37'),
(62, 1, 1, 0, 1, 'Text, který vysvětlí co je Skrytá identita, ať hned každý ví, že jde o pánské proměny vizáže. Mělo by zaznít, že to je zážitek na půl dne. Text by neměl být dlouhý.\r\n\r\nfotka slepek, zarovnaná na střed', '2015-05-09 14:39:35'),
(63, 2, 22, 0, 1, 'skupinová fotka zarovnaná na střed\r\n\r\n- město: Hradec Králové\r\n- telefon: 732 883 091\r\n- email: info@skryta-identita.cz\r\n- facebook: "Skrytá identita":https://www.facebook.com/pages/Skrytá-identita/1390054944650716?pnref=lhc', '2015-05-09 14:39:35'),
(64, 3, 18, 0, 1, 'Motivační text ke koupi dárkových poukazů ... Motivační text ke koupi dárkových poukazů ... Motivační text ke koupi dárkových poukazů ... Motivační text ke koupi dárkových poukazů ... \r\n\r\nobrázek poukazu', '2015-05-09 14:39:35'),
(65, 4, 19, 0, 1, 'skupinová fotka zarovnaná na střed\r\n\r\nKrátký úvodní text o týmu Skryté identity. Krátký úvodní text o týmu Skryté identity. Krátký úvodní text o týmu Skryté identity. Krátký úvodní text o týmu Skryté identity. Krátký úvodní text o týmu Skryté identity. Krátký úvodní text o týmu Skryté identity.\r\n\r\nportrét zarovnaný vlevo + text vedle\r\n**Vlasová stylistka Petra Pešinová**\r\nMoji filosofií je vysoká kvalita, důraz na detail a osobní přístup. Výsledkem je účes dokonalé barvy, osobitého střihu, který dokáže podtrhnout a zdůraznit vaše jedinečné rysy a krásu, a kterou si zároveň dokážete upravit sami.\r\n\r\nportrét zarovnaný vlevo + text vedle zarovnaný vlevo\r\n**Vizážistka Eliška Čejková**\r\nKaždý muž může být modelem. Líčení pro podtržení Vaší přirozené krásy i rafinované variace pro umělecké fotografie.\r\n\r\nportrét zarovnaný vlevo + text vedle\r\n**Módní návrhářka Jitka Šedová**\r\n- autorská modelová tvorba značky jR\r\n- originální doplňky a autorské šperky\r\n- zakázková tvorba oděvů, zakázkové krejčovství\r\n\r\nportrét zarovnaný vlevo + text vedle\r\n**Fotograf Lukáš Urban**\r\nNěco o sobě budu muset napsat ...\r\nMé portfólio najdete na webu "fotourban.cz":http://fotourban.cz', '2015-05-09 14:39:35'),
(66, 5, 24, 0, 1, 'Objev co v tobě je!\r\n*******************\r\n\r\n**Skryté identity Martina:**', '2015-05-09 14:39:35'),
(67, 7, 10, 0, 1, 'V ceně balíčku dostanete:\r\n**2x trendy účes**\r\n- stříhání\r\n- .......\r\n- .........\r\n- .......\r\n- ............\r\n**2x fotomakeup**\r\n- ...............\r\n- ............\r\n- ...........\r\n**2x originální model**\r\n- ............\r\n- obuv vhodné velikosti\r\n- designové doplňky a autorské šperky\r\n**2x profesionální focení\r\n- 10 ks dokonalých fotografií\r\n- originální postrodukce a retuš\r\n- fotky do týdne od proměny\r\n**Cena dvou kompletních proměn je 3900,- Kč**\r\n\r\nJak proměna probíhá:\r\n***********************\r\n- ranní seznámení u kávy s celým teamem v Ateliéru jR\r\n- odvoz a stříhání do salónu Petra\r\n- líčení a vizáž v Ateliéru jR\r\n- focení první proměny\r\n- druhé líčení a vizáž\r\n- druhé focení\r\n\r\nPo celou dobu proměny je k dispozici občerstvení.\r\n', '2015-05-09 14:39:35'),
(68, 7, 27, 0, 1, 'Volné termíny k rezervaci:\r\n****************************\r\n- neděle 24. května\r\n- pátek ...\r\n- neděle ...\r\n- středa ...\r\n- neděle ...', '2015-05-09 14:39:35'),
(69, 1, 1, 0, 1, 'Text, který vysvětlí co je Skrytá identita, ať hned každý ví, že jde o pánské proměny vizáže. Mělo by zaznít, že to je zážitek na půl dne. Text by neměl být dlouhý.\r\n\r\nfotka slepek, zarovnaná na střed\r\n\r\n???jak tohle dole vymažu???', '2015-05-09 14:43:59'),
(70, 4, 19, 0, 1, 'skupinová fotka zarovnaná na střed\r\n\r\nKrátký úvodní text o týmu Skryté identity. Krátký úvodní text o týmu Skryté identity. Krátký úvodní text o týmu Skryté identity. Krátký úvodní text o týmu Skryté identity. Krátký úvodní text o týmu Skryté identity. Krátký úvodní text o týmu Skryté identity.\r\n\r\nportrét zarovnaný vlevo + text vedle\r\n\r\n**Vlasová stylistka Petra Pešinová**\r\n\r\nMoji filosofií je vysoká kvalita, důraz na detail a osobní přístup. Výsledkem je účes dokonalé barvy, osobitého střihu, který dokáže podtrhnout a zdůraznit vaše jedinečné rysy a krásu, a kterou si zároveň dokážete upravit sami.\r\n\r\nportrét zarovnaný vlevo + text vedle zarovnaný vlevo\r\n\r\n**Vizážistka Eliška Čejková**\r\n\r\nKaždý muž může být modelem. Líčení pro podtržení Vaší přirozené krásy i rafinované variace pro umělecké fotografie.\r\n\r\nportrét zarovnaný vlevo + text vedle\r\n\r\n**Módní návrhářka Jitka Šedová**\r\n\r\n- autorská modelová tvorba značky jR\r\n- originální doplňky a autorské šperky\r\n- zakázková tvorba oděvů, zakázkové krejčovství\r\n\r\nportrét zarovnaný vlevo + text vedle\r\n\r\n**Fotograf Lukáš Urban**\r\n\r\nNěco o sobě budu muset napsat ...\r\nMé portfólio najdete na webu "fotourban.cz":http://fotourban.cz', '2015-05-09 14:43:59'),
(71, 5, 24, 0, 1, 'Objev, co v tobě je!\r\n*******************\r\n**Skryté identity Martina:**', '2015-05-09 14:43:59'),
(72, 1, 1, 0, 1, 'Text, který vysvětlí co je Skrytá identita, ať hned každý ví, že jde o pánské proměny vizáže. Mělo by zaznít, že to je zážitek na půl dne. Text by neměl být dlouhý.\r\n\r\nfotka slepek, zarovnaná na střed\r\n\r\n???jak tohle dole vymažu???', '2015-05-09 14:45:28'),
(73, 2, 22, 0, 1, 'skupinová fotka zarovnaná na střed\r\n\r\n- město: Hradec Králové\r\n- telefon: 732 883 091\r\n- email: info@skryta-identita.cz\r\n- facebook: "Skrytá identita":https://www.facebook.com/pages/Skrytá-identita/1390054944650716?pnref=lhc', '2015-05-09 14:45:28'),
(74, 3, 18, 0, 1, 'Motivační text ke koupi dárkových poukazů ... Motivační text ke koupi dárkových poukazů ... Motivační text ke koupi dárkových poukazů ... Motivační text ke koupi dárkových poukazů ... \r\n\r\nobrázek poukazu', '2015-05-09 14:45:28'),
(75, 4, 19, 0, 1, 'skupinová fotka zarovnaná na střed\r\n\r\nKrátký úvodní text o týmu Skryté identity. Krátký úvodní text o týmu Skryté identity. Krátký úvodní text o týmu Skryté identity. Krátký úvodní text o týmu Skryté identity. Krátký úvodní text o týmu Skryté identity. Krátký úvodní text o týmu Skryté identity.\r\n\r\nportrét zarovnaný vlevo + text vedle\r\n\r\n**Vlasová stylistka Petra Pešinová**\r\n\r\nMoji filosofií je vysoká kvalita, důraz na detail a osobní přístup. Výsledkem je účes dokonalé barvy, osobitého střihu, který dokáže podtrhnout a zdůraznit vaše jedinečné rysy a krásu, a kterou si zároveň dokážete upravit sami.\r\n\r\nportrét zarovnaný vlevo + text vedle zarovnaný vlevo\r\n\r\n**Vizážistka Eliška Čejková**\r\n\r\nKaždý muž může být modelem. Líčení pro podtržení Vaší přirozené krásy i rafinované variace pro umělecké fotografie.\r\n\r\nportrét zarovnaný vlevo + text vedle\r\n\r\n**Módní návrhářka Jitka Šedová**\r\n\r\n- autorská modelová tvorba značky jR\r\n- originální doplňky a autorské šperky\r\n- zakázková tvorba oděvů, zakázkové krejčovství\r\n\r\nportrét zarovnaný vlevo + text vedle\r\n\r\n**Fotograf Lukáš Urban**\r\n\r\nNěco o sobě budu muset napsat ...\r\nMé portfólio najdete na webu "fotourban.cz":http://fotourban.cz', '2015-05-09 14:45:28'),
(76, 5, 24, 0, 1, 'Objev, co v tobě je!\r\n*******************\r\n**Skryté identity Martina:**', '2015-05-09 14:45:28'),
(77, 7, 10, 0, 1, 'V ceně balíčku dostanete:\r\n**2x trendy účes**\r\n- stříhání\r\n- .......\r\n- .........\r\n- .......\r\n- ............\r\n**2x fotomakeup**\r\n- ...............\r\n- ............\r\n- ...........\r\n**2x originální model**\r\n- ............\r\n- obuv vhodné velikosti\r\n- designové doplňky a autorské šperky\r\n**2x profesionální focení**\r\n- 10 ks dokonalých fotografií\r\n- originální postrodukce a retuš\r\n- fotky do týdne od proměny\r\n**Cena dvou kompletních proměn je 3900,- Kč**\r\n\r\nJak proměna probíhá:\r\n***********************\r\n- ranní seznámení u kávy s celým teamem v Ateliéru jR\r\n- odvoz a stříhání do salónu Petra\r\n- líčení a vizáž v Ateliéru jR\r\n- focení první proměny\r\n- druhé líčení a vizáž\r\n- druhé focení\r\n\r\nPo celou dobu proměny je k dispozici občerstvení.\r\n', '2015-05-09 14:45:28'),
(78, 7, 27, 0, 1, 'Volné termíny k rezervaci:\r\n****************************\r\n- neděle 24. května\r\n- pátek ...\r\n- neděle ...\r\n- středa ...\r\n- neděle ...', '2015-05-09 14:45:28'),
(79, 7, 10, 0, 1, 'V ceně balíčku dostanete:\r\n**2x trendy účes**\r\n- stříhání\r\n- .......\r\n- .........\r\n- .......\r\n- ............\r\n**2x fotomakeup**\r\n- ...............\r\n- ............\r\n- ...........\r\n**2x originální model**\r\n- ............\r\n- obuv vhodné velikosti\r\n- designové doplňky a autorské šperky\r\n**2x profesionální focení**\r\n- 10 ks dokonalých fotografií\r\n- originální postrodukce a retuš\r\n- fotky do týdne od proměny\r\n**Cena dvou kompletních proměn je 3900,- Kč**\r\n\r\nJak proměna probíhá:\r\n***********************\r\n- ranní seznámení u kávy s celým týmem v Ateliéru jR\r\n- odvoz a stříhání do salónu Petra\r\n- líčení a vizáž v Ateliéru jR\r\n- focení první proměny\r\n- druhé líčení a vizáž\r\n- druhé focení\r\n\r\nPo celou dobu proměny je k dispozici občerstvení.\r\n', '2015-05-09 14:46:03'),
(80, 7, 27, 0, 1, 'Volné termíny k rezervaci:\r\n****************************\r\n- neděle 24. května\r\n- pátek ...\r\n- neděle ...\r\n- středa ...\r\n- neděle ...', '2015-05-09 14:46:03'),
(81, 5, 24, 0, 1, 'Objev, co v tobě je!\r\n*******************\r\n**Skryté identity Martina:**', '2015-05-10 12:51:32'),
(82, 7, 10, 0, 1, 'V ceně balíčku dostanete:\r\n**2x trendy účes**\r\n- stříhání\r\n- .......\r\n- .........\r\n- .......\r\n- ............\r\n**2x fotomakeup**\r\n- ...............\r\n- ............\r\n- ...........\r\n**2x originální model**\r\n- ............\r\n- obuv vhodné velikosti\r\n- designové doplňky a autorské šperky\r\n**2x profesionální focení**\r\n- 10 ks dokonalých fotografií\r\n- originální postrodukce a retuš\r\n- fotky do týdne od proměny\r\n**Cena dvou kompletních proměn je 3900,- Kč**\r\n\r\nJak proměna probíhá:\r\n***********************\r\n- ranní seznámení u kávy s celým týmem v Ateliéru jR\r\n- odvoz a stříhání do salónu Petra\r\n- líčení a vizáž v Ateliéru jR\r\n- focení první proměny\r\n- druhé líčení a vizáž\r\n- druhé focení\r\n\r\nPo celou dobu proměny je k dispozici občerstvení.\r\n', '2015-05-10 13:00:21'),
(83, 7, 27, 0, 1, 'Volné termíny k rezervaci:\r\n****************************\r\n- neděle 24. května\r\n- pátek ...\r\n- neděle ...\r\n- středa ...\r\n- neděle ...', '2015-05-10 13:00:21'),
(84, 7, 10, 0, 1, 'V ceně balíčku dostanete:\r\n**2x trendy účes**\r\n- stříhání\r\n- .......\r\n- .........\r\n- .......\r\n- ............\r\n**2x fotomakeup**\r\n- ...............\r\n- ............\r\n- ...........\r\n**2x originální model**\r\n- ............\r\n- obuv vhodné velikosti\r\n- designové doplňky a autorské šperky\r\n**2x profesionální focení**\r\n- 10 ks dokonalých fotografií\r\n- originální postrodukce a retuš\r\n- fotky do týdne od proměny\r\n**Cena dvou kompletních proměn je 3900,- Kč**\r\n\r\nJak proměna probíhá:\r\n***********************\r\n- ranní seznámení u kávy s celým týmem v Ateliéru jR\r\n- odvoz a stříhání do salónu Petra\r\n- líčení a vizáž v Ateliéru jR\r\n- focení první proměny\r\n- druhé líčení a vizáž\r\n- druhé focení\r\n\r\nPo celou dobu proměny je k dispozici občerstvení.\r\n', '2015-05-10 13:03:10'),
(85, 7, 27, 0, 1, 'Volné termíny k rezervaci:\r\n****************************\r\n- neděle 24. května\r\n- pátek ...\r\n- neděle ...\r\n- středa ...\r\n- neděle ...', '2015-05-10 13:03:10');

--
-- Omezení pro exportované tabulky
--

--
-- Omezení pro tabulku `editor_obsahu_stranky`
--
ALTER TABLE `editor_obsahu_stranky`
  ADD CONSTRAINT `editor_obsahu_stranky_ibfk_1` FOREIGN KEY (`stranka_id`) REFERENCES `stranka` (`id`),
  ADD CONSTRAINT `editor_obsahu_stranky_ibfk_2` FOREIGN KEY (`galerie_skupina_fotek_id`) REFERENCES `galerie_skupina_fotek` (`id`);

--
-- Omezení pro tabulku `galerie_prirazene_polozky`
--
ALTER TABLE `galerie_prirazene_polozky`
  ADD CONSTRAINT `galerie_prirazene_polozky_ibfk_1` FOREIGN KEY (`galerie_skupina_fotek_id`) REFERENCES `galerie_skupina_fotek` (`id`),
  ADD CONSTRAINT `galerie_prirazene_polozky_ibfk_2` FOREIGN KEY (`vsechny_fotky_id`) REFERENCES `vsechny_fotky` (`id`);
SET FOREIGN_KEY_CHECKS=1;

/*!40101 SET CHARACTER_SET_CLIENT=@OLD_CHARACTER_SET_CLIENT */;
/*!40101 SET CHARACTER_SET_RESULTS=@OLD_CHARACTER_SET_RESULTS */;
/*!40101 SET COLLATION_CONNECTION=@OLD_COLLATION_CONNECTION */;
