-- Adminer 4.2.1 MySQL dump

SET NAMES utf8;
SET time_zone = '+00:00';
SET foreign_key_checks = 0;
SET sql_mode = 'NO_AUTO_VALUE_ON_ZERO';

DROP TABLE IF EXISTS `editor_obsahu_stranky`;
CREATE TABLE `editor_obsahu_stranky` (
  `id` int(11) NOT NULL AUTO_INCREMENT,
  `poradi` int(11) NOT NULL DEFAULT '0' COMMENT 'Výchozí hodnota je 0',
  `pocet_sloupcu` tinyint(3) unsigned NOT NULL DEFAULT '1' COMMENT 'Výchozí hodnota je 1 - nemá to smysl u galerie, má to smysl pouze u textu',
  `stranka_id` int(11) NOT NULL,
  `galerie_skupina_fotek_id` int(11) DEFAULT NULL,
  `obsah_texy` text COLLATE utf8_czech_ci NOT NULL COMMENT 'TOTO POLÍČKO VYPLŇUJEŠ TY',
  PRIMARY KEY (`id`),
  KEY `stranka_id` (`stranka_id`),
  KEY `galerie_skupina_fotek_id` (`galerie_skupina_fotek_id`),
  CONSTRAINT `editor_obsahu_stranky_ibfk_1` FOREIGN KEY (`stranka_id`) REFERENCES `stranka` (`id`),
  CONSTRAINT `editor_obsahu_stranky_ibfk_2` FOREIGN KEY (`galerie_skupina_fotek_id`) REFERENCES `galerie_skupina_fotek` (`id`)
) ENGINE=InnoDB DEFAULT CHARSET=utf8 COLLATE=utf8_czech_ci;

INSERT INTO `editor_obsahu_stranky` (`id`, `poradi`, `pocet_sloupcu`, `stranka_id`, `galerie_skupina_fotek_id`, `obsah_texy`) VALUES
(1,	0,	1,	1,	NULL,	'O nás .[e1]\r\n#################\r\n\r\nJsme architektonická a projekční kancelář klasického zaměření. Poskytujeme kompletní služby pro ty, kteří mají záměr stavět dům nebo jakoukoli jinou budovu. Pokrýváme celý rozsah projektové přípravy staveb od prvotního záměru až po kolaudaci stavby. Navrhujeme a projektujeme jak nové stavby, tak i rekonstrukce stávajících objektů.\r\n \r\nZákladem naší kanceláře jsou dva architekti s dlouholetou praxí; dále máme okruh spolupracovníků pro projektové části: statika staveb, tepelná bilance, požární bezpečnost, zdravotně technické instalace (voda, kanalizace, plyn), vytápění budov a vzduchotechnika, elektroinstalace. Spolupracujeme dlouhodobě s geodety, specialisty na měření hluku, oslunění, radonový průzkum a dalšími odborníky.\r\nSpolupracujeme také s dalšími architekty a stavebními inženýry a studenty, jsme flexibilní a v případě potřeby jsme schopni navýšit několikanásobně kapacitu naší kanceláře.\r\n\r\nVzdělání a profesní praxe:\r\n############################\r\n\r\n| 1990-2015 | vlastní projekční kancelář ATELIER G (autorizace 1993)\r\n| 1998 | atelier Hlaváček&partner, samostatný projektant\r\n| 1989-90 | Arch. Sepp Müller, Wien/Austria, spolupracující architekt/zaměstnanec\r\n| 1988-89 | Atelier prof. Arch. Gustav Peichel, Wien/Austria, spolupracující architekt \r\n| 1985-88 | architekt ve svobodném povolání Praha \r\n| 1986-87 | Krajský projektový ústav Praha, architekt-projektant\r\n| 1985-90 | AVU Praha, obor architektura\r\n| 1979-85 | ČVUT Praha – Fakulta architektury, diplom 1985\r\n| 1978-79 | VUT Brno – Stavební fakulta \r\n| 1977-78 | Projektant pozemních staveb, Texing Trenčín\r\n| 1973-77 | Střední průmyslová škola stavební, obor pozemní stavby, maturita 1977\r\n| 1964-73 | Základní devítiletá škola s rozšířenou výukou němčiny'),
(2,	0,	1,	2,	NULL,	'Pro naše klienty zabezpečujeme tyto odborné činnosti: .[e1]\r\n##########################################\r\n\r\n- poradenství při výběru pozemku nebo stavebního objektu (domu)\r\n- sestavení stavebního záměru a programu stavby\r\n- návrh stavby ( architektonická studie)\r\n- projekt stavby pro územní řízení (DÚR)\r\n- vyřízení Územního rozhodnutí včetně kompletního projednání a zajištění stanovisek\r\n- projekt stavby pro stavební povolení nebo ohlášení (DSP)\r\n- vyřízení Stavebního povolení včetně kompletního projednání a zajištění stanovisek\r\n- prováděcí (realizační) projekt stavby (PP)  \r\n- dokumentace k výběrovému řízení\r\n- autorský dozor nad realizací stavby\r\n- kolaudace stavby (převzetí hotové stavby, vyúčtování, projekt skutečného provedení)\r\n- návrhy a projekty interiérů\r\n- zastavovací plány a urbanistické studie\r\n- návrhy zahrad, dětských hřišť, venkovních ploch a veřejných prostranství včetně mobiliáře\r\n- poradenství ve všech otázkách okolo stavění, projektování, interiérů, zahrad a jiných budovatelských záměrů.\r\n\r\nKaždou z předešlých činností lze objednat jednotlivě např. jenom návrh stavby či jenom konzultaci. Objednání jakékoli činnosti Vás nezavazuje k objednání činnosti další.'),
(3,	0,	1,	5,	NULL,	'Kontakty  .[e1]\r\n###########\r\n                                                                                          \r\n**Ing. arch. Gorazd Balejík**:\r\n   - tel: **602 667 885**\r\n   - e-mail: gorazd@seznam.cz\r\n   - web: www.vas-architekt.cz\r\n\r\n\r\n**Ing. arch. Michaela Šťastná**:\r\n   - tel: **724 205 352**\r\n   - e-mail: stastna.michaela@tiscali.cz\r\n   - web: www.mi-atelier.cz\r\n\r\n\r\n**sídlo**:\r\n   - **788 03 Nový Malín 583**\r\n   - okres Šumperk\r\n   - kraj Olomoucký\r\n   - Česká republika'),
(4,	0,	1,	6,	NULL,	'**Motto:**\r\n Architektura je **tvorba prostředí** ve kterém žijeme (pohybujeme se, pracujeme, odpočíváme, tvoříme, přemýšlíme, radujeme se, milujeme a umíráme). Uvědomujeme si jak je důležitá kvalita prostředí ve kterém trávíme většinu života? Protože ovlivňuje kvalitu našeho života fyzického (pohyb, způsob užívání, pocity) i duchovního (inspiruje, povznáší, dělá nás šťastnějšími..nebo také naopak). Dobrá architektura je nejčastěji vlídným místem pro náš život, místem radosti a dobrých vztahů, místem které se jmenuje **domov**.\r\n\r\n\r\n[* model02b.png .{width:80%} *] .[tar]'),
(5,	0,	1,	3,	NULL,	'Seznam staveb v galerii  .[e1]\r\n###########################\r\n\r\n- \"rodinný dům U Poldru\":[/galerie/rodinny-dum-u-poldru/]\r\n\r\n<small>(Pro zobrazení fotografií, plánů a popisu klikněte na jednotlivé položky výše.<br>Ukázky dalších staveb přidáme později. Děkujeme za porozumění.)</small>\r\n\r\n<p>&nbsp;</p>\r\n<p>&nbsp;</p>\r\n<p>&nbsp;</p>\r\n<p>&nbsp;</p>\r\n<p>&nbsp;</p>'),
(6,	0,	1,	4,	NULL,	'Omlouváme se, ale náš ceník právě aktualizujeme. Ceny služeb lze poptat individuálně e-mailem nebo telefonem.\r\n\r\nDěkujeme za porozumění.\r\n\r\n<p>&nbsp;</p>\r\n<p>&nbsp;</p>\r\n<p>&nbsp;</p>\r\n<p>&nbsp;</p>\r\n<p>&nbsp;</p>\r\n<p>&nbsp;</p>\r\n<p>&nbsp;</p>\r\n<p>&nbsp;</p>\r\n<p>&nbsp;</p>'),
(7,	0,	1,	7,	NULL,	'<div class=\"but back\"><a href=\"/archiv-architektonickych-projektu/\">&larr; zpět na seznam všech staveb v galerii</a></div>\r\n\r\nRodinný dům U Poldru\r\n##########################'),
(8,	0,	1,	7,	1,	''),
(9,	0,	1,	7,	NULL,	'<h3>Architektonické řešení</h3>\r\n\r\nPozemek určený pro stavbu je součástí území - nové lokality, určené k výstavbě rodinných domů. Lokalita je rozdělená parcelací, zasíťována a má vybudovanou hlavní přístupovou komunikaci. Území přiléhá na západě k původní zástavbě obce, ze severu ji obkružuje železniční trať, na jihu a východě přiléhá k volné krajině. Pozemek je z obce přístupný po místní obslužné komunikaci.\r\n\r\nDům byl umístěn uprostřed pozemku, vstupní průčelí je obráceno k severu a k příjezdové komunikaci a má minimum nutných otvorů. Obytné místnosti v přízemí jsou orientovány k jihu, pokoje v 1. patře též, částečně pak také k východu a západu. \r\n\r\nDům je tvořen dvěma hmotami, které jsou vzájemně propojeny. Dům samotný je tvořen kvádrem o dvou podlažích, k němu pak přiléhá přízemní jednopodlažní objem garáže. Na střeše garáže se nachází terasa. Všechny střechy jsou s minimálním sklonem (ploché). Na střeše domu jsou umístěny fotovoltaické články. Dům není podsklepen.\r\n\r\n**PŘÍZEMÍ** – zahrnuje vstupní zádveří, schodišťovou halu se šatnou, obytný prostor s jídelnou a kuchyní a hygienické zázemí. Samostatná garáž je navržena větší než je nezbytné, bude sem umístěna také technologie vytápění a ohřevu TUV. K obytnému prostoru v přízemí venku přiléhá prkenná terasa. \r\n\r\n**1. PATRO** – zahrnuje schodišťovou halu se šatnou, 3 pokoje, 1 pracovnu a koupelnu. Ložnice rodičů a koupelna mají přímý výstup na venkovní terasu. \r\n\r\n<h3>Stavebně technické řešení</h3>\r\n\r\nStavba je založena na základových pasech z prostého betonu, přízemí má přes základové pasy provedenou betonovou desku vyztuženou ocelovou sítí. Horní stavba má zděnou konstrukci z cihelných bloků Porotherm kombinovanou s ocelovým támem. Stropy jsou monolitické ocelobetonové, stejně tak schodiště, příčky z cihelných tvarovek. Střecha je kryta PVC fólií. Dešťová voda je odváděna střešními vpusti s ohřevem a dále pak stoupačkami vnitřkem domu a do dešťové kanalizace. Finální podlahy jsou vynilové nebo keramické, na schody je užito masivní dřevo. Okna jsou plastová, vnitřní dveře dřevěné, dýhované. Dům má podlahové vytápění, zdrojem tepla je tepelné čerpadlo.\r\n\r\n<p>&nbsp;</p>\r\n<div class=\"but back\"><a href=\"/archiv-architektonickych-projektu/\">&larr; zpět na seznam všech staveb v galerii</a></div>');

DROP TABLE IF EXISTS `galerie_prirazene_polozky`;
CREATE TABLE `galerie_prirazene_polozky` (
  `id` int(11) NOT NULL AUTO_INCREMENT,
  `galerie_skupina_fotek_id` int(11) NOT NULL,
  `vsechny_fotky_id` int(11) NOT NULL,
  `poradi` int(11) NOT NULL DEFAULT '0' COMMENT 'Lze zadávat i záporná čísla, čím je číslo nižší, tím bude fotka blíže k začátku skupiny... Fotky se stejnou hodnotou sloupce `poradi` se řadí vzestupně podle sloupce `id`',
  PRIMARY KEY (`id`),
  KEY `galerie_skupina_fotek_id` (`galerie_skupina_fotek_id`),
  KEY `vsechny_fotky_id` (`vsechny_fotky_id`),
  CONSTRAINT `galerie_prirazene_polozky_ibfk_1` FOREIGN KEY (`galerie_skupina_fotek_id`) REFERENCES `galerie_skupina_fotek` (`id`),
  CONSTRAINT `galerie_prirazene_polozky_ibfk_2` FOREIGN KEY (`vsechny_fotky_id`) REFERENCES `vsechny_fotky` (`id`)
) ENGINE=InnoDB DEFAULT CHARSET=utf8 COLLATE=utf8_czech_ci;

INSERT INTO `galerie_prirazene_polozky` (`id`, `galerie_skupina_fotek_id`, `vsechny_fotky_id`, `poradi`) VALUES
(1,	1,	1,	0),
(2,	1,	2,	0),
(3,	1,	3,	0),
(4,	1,	4,	0),
(5,	1,	5,	0),
(6,	1,	6,	0),
(7,	1,	7,	0),
(8,	1,	8,	0),
(9,	1,	9,	0),
(10,	1,	10,	0),
(11,	1,	11,	0),
(12,	1,	12,	0),
(13,	1,	13,	0),
(14,	1,	14,	0);

DROP TABLE IF EXISTS `galerie_skupina_fotek`;
CREATE TABLE `galerie_skupina_fotek` (
  `id` int(11) NOT NULL AUTO_INCREMENT,
  `poznamka` varchar(255) COLLATE utf8_czech_ci NOT NULL COMMENT 'Slouží pro Tvou orientaci.',
  `googlepopis_automatizovane` varchar(255) COLLATE utf8_czech_ci NOT NULL COMMENT 'Fotografie, které nemají vlastní googlepopis obdrží tento společný.',
  PRIMARY KEY (`id`)
) ENGINE=InnoDB DEFAULT CHARSET=utf8 COLLATE=utf8_czech_ci;

INSERT INTO `galerie_skupina_fotek` (`id`, `poznamka`, `googlepopis_automatizovane`) VALUES
(1,	'',	'rodinný dům U Poldru');

DROP TABLE IF EXISTS `menu_polozky`;
CREATE TABLE `menu_polozky` (
  `id` int(11) NOT NULL AUTO_INCREMENT,
  `menu_id` int(11) NOT NULL DEFAULT '0',
  `rodic` int(11) NOT NULL DEFAULT '0',
  `uroven` int(11) NOT NULL DEFAULT '0',
  `poradi` int(11) NOT NULL DEFAULT '0',
  `stranka_id` int(11) NOT NULL,
  `alternativni_napis` varchar(100) COLLATE utf8_czech_ci DEFAULT NULL,
  `class` varchar(50) COLLATE utf8_czech_ci DEFAULT NULL,
  PRIMARY KEY (`id`),
  KEY `stranka_id` (`stranka_id`),
  CONSTRAINT `menu_polozky_ibfk_1` FOREIGN KEY (`stranka_id`) REFERENCES `stranka` (`id`)
) ENGINE=InnoDB DEFAULT CHARSET=utf8 COLLATE=utf8_czech_ci;

INSERT INTO `menu_polozky` (`id`, `menu_id`, `rodic`, `uroven`, `poradi`, `stranka_id`, `alternativni_napis`, `class`) VALUES
(0,	0,	0,	0,	0,	6,	NULL,	NULL),
(1,	0,	0,	0,	0,	1,	NULL,	NULL),
(2,	0,	0,	0,	0,	2,	NULL,	NULL),
(3,	0,	0,	0,	0,	3,	NULL,	NULL),
(4,	0,	0,	0,	0,	4,	NULL,	NULL),
(5,	0,	0,	0,	0,	5,	NULL,	NULL);

DROP TABLE IF EXISTS `stranka`;
CREATE TABLE `stranka` (
  `id` int(11) NOT NULL AUTO_INCREMENT,
  `rubrika` varchar(50) COLLATE utf8_czech_ci NOT NULL COMMENT 'vyplň standardní označení v menu',
  `url` varchar(150) COLLATE utf8_czech_ci NOT NULL COMMENT 'pečlivě vyplň adresu stránky, vynech úvod: www.mojedomena.cz/',
  `googletitulek` varchar(100) COLLATE utf8_czech_ci DEFAULT NULL COMMENT 'optimum max 45 znaků (nepiš www.skryta-identita.cz - to se doplňuje samo)',
  `googlepopisek` varchar(160) COLLATE utf8_czech_ci DEFAULT NULL COMMENT 'optimum max 140 znaků',
  `editor_zmeneno` varchar(5) COLLATE utf8_czech_ci NOT NULL DEFAULT 'ne' COMMENT 'neměň - použij tlačítko na webu na adrese /_nastroje/',
  `obsah_html_dole` text COLLATE utf8_czech_ci COMMENT 'neměň - vygeneruje se automaticky podle editoru',
  `obsahuje_galerii` varchar(5) COLLATE utf8_czech_ci NOT NULL DEFAULT 'ne' COMMENT 'neměň - vygeneruje se automaticky',
  PRIMARY KEY (`id`),
  KEY `url` (`url`)
) ENGINE=InnoDB DEFAULT CHARSET=utf8 COLLATE=utf8_czech_ci;

INSERT INTO `stranka` (`id`, `rubrika`, `url`, `googletitulek`, `googlepopisek`, `editor_zmeneno`, `obsah_html_dole`, `obsahuje_galerii`) VALUES
(1,	'Kdo jsme',	'gorazd-balejik-atelier-g',	NULL,	NULL,	'ne',	'',	'ne'),
(2,	'Co děláme',	'gorazd-balejik',	NULL,	NULL,	'ne',	'',	'ne'),
(3,	'Galerie staveb',	'archiv-architektonickych-projektu',	NULL,	NULL,	'ne',	'',	'ne'),
(4,	'Cena služeb',	'architektonicka-a-projekcni-kancelar/cenik',	NULL,	NULL,	'ne',	'',	'ne'),
(5,	'Kontakt',	'michaela-stastna-gorazd-balejik/kontakt',	NULL,	NULL,	'ne',	'',	'ne'),
(6,	'Úvod',	'',	NULL,	NULL,	'ne',	NULL,	'ne'),
(7,	'Rodinný dům U Poldru',	'galerie/rodinny-dum-u-poldru',	NULL,	NULL,	'ne',	'',	'ano');

DROP TABLE IF EXISTS `stranka_html_celek`;
CREATE TABLE `stranka_html_celek` (
  `id` int(11) NOT NULL AUTO_INCREMENT,
  `stranka_id` int(11) NOT NULL,
  `html` text COLLATE utf8_czech_ci NOT NULL,
  PRIMARY KEY (`id`),
  KEY `stranka_id` (`stranka_id`),
  CONSTRAINT `stranka_html_celek_ibfk_1` FOREIGN KEY (`stranka_id`) REFERENCES `stranka` (`id`)
) ENGINE=InnoDB DEFAULT CHARSET=utf8 COLLATE=utf8_czech_ci;

INSERT INTO `stranka_html_celek` (`id`, `stranka_id`, `html`) VALUES
(1,	1,	'<!DOCTYPE html>\n<html>\n<head>\n<meta http-equiv=\"Content-Language\" content=\"cs\">\n<meta http-equiv=\"content-type\" content=\"text/html; charset=utf-8\">\n<meta charset=\"utf-8\">\n<meta name=\"viewport\" content=\"width=device-width, initial-scale=1.0\">\n\n<title>Architekt Gorazd Balejík | www.vas-architekt.cz</title>\n\n<link rel=\"stylesheet\" href=\"/css/arch-1-0-3.css\">\n<link rel=\"shortcut icon\" href=\"/favicon.ico\">\n\n<!--[if lt IE 9]><script src=\"http://cdnjs.cloudflare.com/ajax/libs/html5shiv/3.7.2/html5shiv.min.js\"></script><![endif]-->\n\n</head>\n<body>\n<script> document.documentElement.className+=\' js\' </script>\n<div id=\"all\">\n<div id=\"pack\">\n<a href=\"/\" id=\"h1\"><div class=\"bgi\"><img src=\"/images/main-content/final01-s.jpg\"><h1><div class=\"e1\"><strong>ING. ARCH. GORAZD BALEJÍK</strong> <small>&nbsp;AUTORIZOVANÝ&nbsp;ARCHITEKT&nbsp;ČKA</small></div><div>ATELIER G – ARCHITEKTONICKÁ A&nbsp;PROJEKČNÍ&nbsp;KANCELÁŘ</div></h1></div></a>\n<div id=\"pack2\">\n<div id=\"map\">\n<div class=\"tac\"><div id=\"but1\" class=\"but\">&nbsp;<span class=\"e1\">Zobrazit menu</span>&nbsp;</div></div>\n<menu id=\"ma\"><div id=\"jst1\" class=\"e1\">\n<a href=\"/\"><li>ÚVOD</li></a><a class=\"act\" href=\"/gorazd-balejik-atelier-g/\"><li>KDO JSME</li></a><a href=\"/gorazd-balejik/\"><li>CO DĚLÁME</li></a><a href=\"/archiv-architektonickych-projektu/\"><li>GALERIE STAVEB</li></a><a href=\"/architektonicka-a-projekcni-kancelar/cenik/\"><li>CENA SLUŽEB</li></a><a href=\"/michaela-stastna-gorazd-balejik/kontakt/\"><li>KONTAKT</li></a>\n</div></menu></div><div id=\"text\"><div class=\"e1\" id=\"jst2\">\n\n<div class=\"col1\">\n\n<h2 class=\"e1\">O nás</h2>\n\n<p>Jsme architektonická a projekční kancelář klasického zaměření.\nPoskytujeme kompletní služby pro ty, kteří mají záměr stavět dům nebo\njakoukoli jinou budovu. Pokrýváme celý rozsah projektové přípravy staveb\nod prvotního záměru až po kolaudaci stavby. Navrhujeme a projektujeme jak\nnové stavby, tak i rekonstrukce stávajících objektů.</p>\n\n<p>Základem naší kanceláře jsou dva architekti s dlouholetou praxí; dále\nmáme okruh spolupracovníků pro projektové části: statika staveb, tepelná\nbilance, požární bezpečnost, zdravotně technické instalace (voda,\nkanalizace, plyn), vytápění budov a vzduchotechnika, elektroinstalace.\nSpolupracujeme dlouhodobě s geodety, specialisty na měření hluku,\noslunění, radonový průzkum a dalšími odborníky. Spolupracujeme také\ns dalšími architekty a stavebními inženýry a studenty, jsme flexibilní a\nv případě potřeby jsme schopni navýšit několikanásobně kapacitu naší\nkanceláře.</p>\n\n<h2>Vzdělání a profesní praxe:</h2>\n\n<table>\n	<tbody>\n		<tr>\n			<td>1990–2015</td>\n\n			<td>vlastní projekční kancelář ATELIER G (autorizace 1993)</td>\n		</tr>\n\n		<tr>\n			<td>1998</td>\n\n			<td> atelier Hlaváček&amp;partner, samostatný projektant</td>\n		</tr>\n\n		<tr>\n			<td>1989–90</td>\n\n			<td>Arch. Sepp Müller, Wien/Austria, spolupracující\n			architekt/zaměs­tnanec</td>\n		</tr>\n\n		<tr>\n			<td>1988–89</td>\n\n			<td>Atelier prof. Arch. Gustav Peichel, Wien/Austria, spolupracující\n			architekt</td>\n		</tr>\n\n		<tr>\n			<td>1985–88</td>\n\n			<td>architekt ve svobodném povolání Praha</td>\n		</tr>\n\n		<tr>\n			<td>1986–87</td>\n\n			<td>Krajský projektový ústav Praha, architekt-projektant</td>\n		</tr>\n\n		<tr>\n			<td>1985–90</td>\n\n			<td>AVU Praha, obor architektura</td>\n		</tr>\n\n		<tr>\n			<td>1979–85</td>\n\n			<td>ČVUT Praha – Fakulta architektury, diplom 1985</td>\n		</tr>\n\n		<tr>\n			<td>1978–79</td>\n\n			<td>VUT Brno – Stavební fakulta</td>\n		</tr>\n\n		<tr>\n			<td>1977–78</td>\n\n			<td>Projektant pozemních staveb, Texing Trenčín</td>\n		</tr>\n\n		<tr>\n			<td>1973–77</td>\n\n			<td>Střední průmyslová škola stavební, obor pozemní stavby,\n			maturita 1977</td>\n		</tr>\n\n		<tr>\n			<td>1964–73</td>\n\n			<td>Základní devítiletá škola s rozšířenou výukou němčiny</td>\n		</tr>\n	</tbody>\n</table>\n\n</div>\n\n<div class=\"col1\">\n</div>\n<div class=\"col1\">\n\n</div>\n</div>\n</div>\n</div>\n<div id=\"cr\">\n<p><a href=\"/michaela-stastna-gorazd-balejik/kontakt/\">&copy; 2015 - www.vas-architekt.cz</a></p>\n</div>\n</div>\n</div>\n<div id=\"test\"></div>\n<!--[if lt IE 9]><script src=\"http://code.jquery.com/jquery-1.11.2.min.js\"></script><![endif]-->\n<![if gt IE 8]>\n<script src=\"http://code.jquery.com/jquery-2.1.3.min.js\"></script>\n<![endif]>\n<script src=\"http://nette.github.io/resources/js/netteForms.min.js\"></script>\n<script src=\"/js/my-1-0-5.js\"></script>\n\n'),
(2,	2,	'<!DOCTYPE html>\n<html>\n<head>\n<meta http-equiv=\"Content-Language\" content=\"cs\">\n<meta http-equiv=\"content-type\" content=\"text/html; charset=utf-8\">\n<meta charset=\"utf-8\">\n<meta name=\"viewport\" content=\"width=device-width, initial-scale=1.0\">\n\n<title>Architekt Gorazd Balejík | www.vas-architekt.cz</title>\n\n<link rel=\"stylesheet\" href=\"/css/arch-1-0-3.css\">\n<link rel=\"shortcut icon\" href=\"/favicon.ico\">\n\n<!--[if lt IE 9]><script src=\"http://cdnjs.cloudflare.com/ajax/libs/html5shiv/3.7.2/html5shiv.min.js\"></script><![endif]-->\n\n</head>\n<body>\n<script> document.documentElement.className+=\' js\' </script>\n<div id=\"all\">\n<div id=\"pack\">\n<a href=\"/\" id=\"h1\"><div class=\"bgi\"><img src=\"/images/main-content/final01-s.jpg\"><h1><div class=\"e1\"><strong>ING. ARCH. GORAZD BALEJÍK</strong> <small>&nbsp;AUTORIZOVANÝ&nbsp;ARCHITEKT&nbsp;ČKA</small></div><div>ATELIER G – ARCHITEKTONICKÁ A&nbsp;PROJEKČNÍ&nbsp;KANCELÁŘ</div></h1></div></a>\n<div id=\"pack2\">\n<div id=\"map\">\n<div class=\"tac\"><div id=\"but1\" class=\"but\">&nbsp;<span class=\"e1\">Zobrazit menu</span>&nbsp;</div></div>\n<menu id=\"ma\"><div id=\"jst1\" class=\"e1\">\n<a href=\"/\"><li>ÚVOD</li></a><a href=\"/gorazd-balejik-atelier-g/\"><li>KDO JSME</li></a><a class=\"act\" href=\"/gorazd-balejik/\"><li>CO DĚLÁME</li></a><a href=\"/archiv-architektonickych-projektu/\"><li>GALERIE STAVEB</li></a><a href=\"/architektonicka-a-projekcni-kancelar/cenik/\"><li>CENA SLUŽEB</li></a><a href=\"/michaela-stastna-gorazd-balejik/kontakt/\"><li>KONTAKT</li></a>\n</div></menu></div><div id=\"text\"><div class=\"e1\" id=\"jst2\">\n\n<div class=\"col1\">\n\n<h2 class=\"e1\">Pro naše klienty zabezpečujeme tyto odborné činnosti:</h2>\n\n<ul>\n	<li>poradenství při výběru pozemku nebo stavebního objektu (domu)</li>\n\n	<li>sestavení stavebního záměru a programu stavby</li>\n\n	<li>návrh stavby ( architektonická studie)</li>\n\n	<li>projekt stavby pro územní řízení (DÚR)</li>\n\n	<li>vyřízení Územního rozhodnutí včetně kompletního projednání a\n	zajištění stanovisek</li>\n\n	<li>projekt stavby pro stavební povolení nebo ohlášení (DSP)</li>\n\n	<li>vyřízení Stavebního povolení včetně kompletního projednání a\n	zajištění stanovisek</li>\n\n	<li>prováděcí (realizační) projekt stavby (PP)</li>\n\n	<li>dokumentace k výběrovému řízení</li>\n\n	<li>autorský dozor nad realizací stavby</li>\n\n	<li>kolaudace stavby (převzetí hotové stavby, vyúčtování, projekt\n	skutečného provedení)</li>\n\n	<li>návrhy a projekty interiérů</li>\n\n	<li>zastavovací plány a urbanistické studie</li>\n\n	<li>návrhy zahrad, dětských hřišť, venkovních ploch a veřejných\n	prostranství včetně mobiliáře</li>\n\n	<li>poradenství ve všech otázkách okolo stavění, projektování,\n	interiérů, zahrad a jiných budovatelských záměrů.</li>\n</ul>\n\n<p>Každou z předešlých činností lze objednat jednotlivě např. jenom\nnávrh stavby či jenom konzultaci. Objednání jakékoli činnosti Vás\nnezavazuje k objednání činnosti další.</p>\n\n</div>\n\n<div class=\"col1\">\n</div>\n<div class=\"col1\">\n\n</div>\n</div>\n</div>\n</div>\n<div id=\"cr\">\n<p><a href=\"/michaela-stastna-gorazd-balejik/kontakt/\">&copy; 2015 - www.vas-architekt.cz</a></p>\n</div>\n</div>\n</div>\n<div id=\"test\"></div>\n<!--[if lt IE 9]><script src=\"http://code.jquery.com/jquery-1.11.2.min.js\"></script><![endif]-->\n<![if gt IE 8]>\n<script src=\"http://code.jquery.com/jquery-2.1.3.min.js\"></script>\n<![endif]>\n<script src=\"http://nette.github.io/resources/js/netteForms.min.js\"></script>\n<script src=\"/js/my-1-0-5.js\"></script>\n\n'),
(3,	3,	'<!DOCTYPE html>\n<html>\n<head>\n<meta http-equiv=\"Content-Language\" content=\"cs\">\n<meta http-equiv=\"content-type\" content=\"text/html; charset=utf-8\">\n<meta charset=\"utf-8\">\n<meta name=\"viewport\" content=\"width=device-width, initial-scale=1.0\">\n\n<title>Architekt Gorazd Balejík | www.vas-architekt.cz</title>\n\n<link rel=\"stylesheet\" href=\"/css/arch-1-0-3.css\">\n<link rel=\"shortcut icon\" href=\"/favicon.ico\">\n\n<!--[if lt IE 9]><script src=\"http://cdnjs.cloudflare.com/ajax/libs/html5shiv/3.7.2/html5shiv.min.js\"></script><![endif]-->\n\n</head>\n<body>\n<script> document.documentElement.className+=\' js\' </script>\n<div id=\"all\">\n<div id=\"pack\">\n<a href=\"/\" id=\"h1\"><div class=\"bgi\"><img src=\"/images/main-content/final01-s.jpg\"><h1><div class=\"e1\"><strong>ING. ARCH. GORAZD BALEJÍK</strong> <small>&nbsp;AUTORIZOVANÝ&nbsp;ARCHITEKT&nbsp;ČKA</small></div><div>ATELIER G – ARCHITEKTONICKÁ A&nbsp;PROJEKČNÍ&nbsp;KANCELÁŘ</div></h1></div></a>\n<div id=\"pack2\">\n<div id=\"map\">\n<div class=\"tac\"><div id=\"but1\" class=\"but\">&nbsp;<span class=\"e1\">Zobrazit menu</span>&nbsp;</div></div>\n<menu id=\"ma\"><div id=\"jst1\" class=\"e1\">\n<a href=\"/\"><li>ÚVOD</li></a><a href=\"/gorazd-balejik-atelier-g/\"><li>KDO JSME</li></a><a href=\"/gorazd-balejik/\"><li>CO DĚLÁME</li></a><a class=\"act\" href=\"/archiv-architektonickych-projektu/\"><li>GALERIE STAVEB</li></a><a href=\"/architektonicka-a-projekcni-kancelar/cenik/\"><li>CENA SLUŽEB</li></a><a href=\"/michaela-stastna-gorazd-balejik/kontakt/\"><li>KONTAKT</li></a>\n</div></menu></div><div id=\"text\"><div class=\"e1\" id=\"jst2\">\n\n<div class=\"col1\">\n\n<h2 class=\"e1\">Seznam staveb v galerii</h2>\n\n<ul>\n	<li><a href=\"/galerie/rodinny-dum-u-poldru/\">rodinný dům U Poldru</a></li>\n</ul>\n\n<p><small>(Pro zobrazení fotografií, plánů a popisu klikněte na jednotlivé\npoložky výše.<br />\nUkázky dalších staveb přidáme později. Děkujeme za\nporozumění.)</small></p>\n\n<p> </p>\n\n<p> </p>\n\n<p> </p>\n\n<p> </p>\n\n<p> </p>\n\n</div>\n\n<div class=\"col1\">\n</div>\n<div class=\"col1\">\n\n</div>\n</div>\n</div>\n</div>\n<div id=\"cr\">\n<p><a href=\"/michaela-stastna-gorazd-balejik/kontakt/\">&copy; 2015 - www.vas-architekt.cz</a></p>\n</div>\n</div>\n</div>\n<div id=\"test\"></div>\n<!--[if lt IE 9]><script src=\"http://code.jquery.com/jquery-1.11.2.min.js\"></script><![endif]-->\n<![if gt IE 8]>\n<script src=\"http://code.jquery.com/jquery-2.1.3.min.js\"></script>\n<![endif]>\n<script src=\"http://nette.github.io/resources/js/netteForms.min.js\"></script>\n<script src=\"/js/my-1-0-5.js\"></script>\n\n'),
(4,	4,	'<!DOCTYPE html>\n<html>\n<head>\n<meta http-equiv=\"Content-Language\" content=\"cs\">\n<meta http-equiv=\"content-type\" content=\"text/html; charset=utf-8\">\n<meta charset=\"utf-8\">\n<meta name=\"viewport\" content=\"width=device-width, initial-scale=1.0\">\n\n<title>Architekt Gorazd Balejík | www.vas-architekt.cz</title>\n\n<link rel=\"stylesheet\" href=\"/css/arch-1-0-3.css\">\n<link rel=\"shortcut icon\" href=\"/favicon.ico\">\n\n<!--[if lt IE 9]><script src=\"http://cdnjs.cloudflare.com/ajax/libs/html5shiv/3.7.2/html5shiv.min.js\"></script><![endif]-->\n\n</head>\n<body>\n<script> document.documentElement.className+=\' js\' </script>\n<div id=\"all\">\n<div id=\"pack\">\n<a href=\"/\" id=\"h1\"><div class=\"bgi\"><img src=\"/images/main-content/final01-s.jpg\"><h1><div class=\"e1\"><strong>ING. ARCH. GORAZD BALEJÍK</strong> <small>&nbsp;AUTORIZOVANÝ&nbsp;ARCHITEKT&nbsp;ČKA</small></div><div>ATELIER G – ARCHITEKTONICKÁ A&nbsp;PROJEKČNÍ&nbsp;KANCELÁŘ</div></h1></div></a>\n<div id=\"pack2\">\n<div id=\"map\">\n<div class=\"tac\"><div id=\"but1\" class=\"but\">&nbsp;<span class=\"e1\">Zobrazit menu</span>&nbsp;</div></div>\n<menu id=\"ma\"><div id=\"jst1\" class=\"e1\">\n<a href=\"/\"><li>ÚVOD</li></a><a href=\"/gorazd-balejik-atelier-g/\"><li>KDO JSME</li></a><a href=\"/gorazd-balejik/\"><li>CO DĚLÁME</li></a><a href=\"/archiv-architektonickych-projektu/\"><li>GALERIE STAVEB</li></a><a class=\"act\" href=\"/architektonicka-a-projekcni-kancelar/cenik/\"><li>CENA SLUŽEB</li></a><a href=\"/michaela-stastna-gorazd-balejik/kontakt/\"><li>KONTAKT</li></a>\n</div></menu></div><div id=\"text\"><div class=\"e1\" id=\"jst2\">\n\n<div class=\"col1\">\n\n<p>Omlouváme se, ale náš ceník právě aktualizujeme. Ceny služeb lze\npoptat individuálně e-mailem nebo telefonem.</p>\n\n<p>Děkujeme za porozumění.</p>\n\n<p> </p>\n\n<p> </p>\n\n<p> </p>\n\n<p> </p>\n\n<p> </p>\n\n<p> </p>\n\n<p> </p>\n\n<p> </p>\n\n<p> </p>\n\n</div>\n\n<div class=\"col1\">\n</div>\n<div class=\"col1\">\n\n</div>\n</div>\n</div>\n</div>\n<div id=\"cr\">\n<p><a href=\"/michaela-stastna-gorazd-balejik/kontakt/\">&copy; 2015 - www.vas-architekt.cz</a></p>\n</div>\n</div>\n</div>\n<div id=\"test\"></div>\n<!--[if lt IE 9]><script src=\"http://code.jquery.com/jquery-1.11.2.min.js\"></script><![endif]-->\n<![if gt IE 8]>\n<script src=\"http://code.jquery.com/jquery-2.1.3.min.js\"></script>\n<![endif]>\n<script src=\"http://nette.github.io/resources/js/netteForms.min.js\"></script>\n<script src=\"/js/my-1-0-5.js\"></script>\n\n'),
(5,	5,	'<!DOCTYPE html>\n<html>\n<head>\n<meta http-equiv=\"Content-Language\" content=\"cs\">\n<meta http-equiv=\"content-type\" content=\"text/html; charset=utf-8\">\n<meta charset=\"utf-8\">\n<meta name=\"viewport\" content=\"width=device-width, initial-scale=1.0\">\n\n<title>Architekt Gorazd Balejík | www.vas-architekt.cz</title>\n\n<link rel=\"stylesheet\" href=\"/css/arch-1-0-3.css\">\n<link rel=\"shortcut icon\" href=\"/favicon.ico\">\n\n<!--[if lt IE 9]><script src=\"http://cdnjs.cloudflare.com/ajax/libs/html5shiv/3.7.2/html5shiv.min.js\"></script><![endif]-->\n\n</head>\n<body>\n<script> document.documentElement.className+=\' js\' </script>\n<div id=\"all\">\n<div id=\"pack\">\n<a href=\"/\" id=\"h1\"><div class=\"bgi\"><img src=\"/images/main-content/final01-s.jpg\"><h1><div class=\"e1\"><strong>ING. ARCH. GORAZD BALEJÍK</strong> <small>&nbsp;AUTORIZOVANÝ&nbsp;ARCHITEKT&nbsp;ČKA</small></div><div>ATELIER G – ARCHITEKTONICKÁ A&nbsp;PROJEKČNÍ&nbsp;KANCELÁŘ</div></h1></div></a>\n<div id=\"pack2\">\n<div id=\"map\">\n<div class=\"tac\"><div id=\"but1\" class=\"but\">&nbsp;<span class=\"e1\">Zobrazit menu</span>&nbsp;</div></div>\n<menu id=\"ma\"><div id=\"jst1\" class=\"e1\">\n<a href=\"/\"><li>ÚVOD</li></a><a href=\"/gorazd-balejik-atelier-g/\"><li>KDO JSME</li></a><a href=\"/gorazd-balejik/\"><li>CO DĚLÁME</li></a><a href=\"/archiv-architektonickych-projektu/\"><li>GALERIE STAVEB</li></a><a href=\"/architektonicka-a-projekcni-kancelar/cenik/\"><li>CENA SLUŽEB</li></a><a class=\"act\" href=\"/michaela-stastna-gorazd-balejik/kontakt/\"><li>KONTAKT</li></a>\n</div></menu></div><div id=\"text\"><div class=\"e1\" id=\"jst2\">\n\n<div class=\"col1\">\n\n<h2 class=\"e1\">Kontakty</h2>\n\n<dl>\n	<dt><strong>Ing. arch. Gorazd Balejík</strong></dt>\n\n	<dd>tel: <strong>602 667 885</strong></dd>\n\n	<dd>e-mail: <a\n	href=\"mailto:gorazd&#64;seznam.cz\">gorazd&#64;<!-- -->seznam.cz</a></dd>\n\n	<dd>web: <a href=\"http://www.vas-architekt.cz\">www.vas-architekt.cz</a></dd>\n</dl>\n\n<dl>\n	<dt><strong>Ing. arch. Michaela Šťastná</strong></dt>\n\n	<dd>tel: <strong>724 205 352</strong></dd>\n\n	<dd>e-mail: <a\n	href=\"mailto:stastna.michaela&#64;tiscali.cz\">stastna.michaela&#64;<!-- -->tiscali.cz</a></dd>\n\n	<dd>web: <a href=\"http://www.mi-atelier.cz\">www.mi-atelier.cz</a></dd>\n</dl>\n\n<dl>\n	<dt><strong>sídlo</strong></dt>\n\n	<dd><strong>788 03 Nový Malín 583</strong></dd>\n\n	<dd>okres Šumperk</dd>\n\n	<dd>kraj Olomoucký</dd>\n\n	<dd>Česká republika</dd>\n</dl>\n\n</div>\n\n<div class=\"col1\">\n</div>\n<div class=\"col1\">\n\n</div>\n</div>\n</div>\n</div>\n<div id=\"cr\">\n<p><a href=\"/michaela-stastna-gorazd-balejik/kontakt/\">&copy; 2015 - www.vas-architekt.cz</a></p>\n</div>\n</div>\n</div>\n<div id=\"test\"></div>\n<!--[if lt IE 9]><script src=\"http://code.jquery.com/jquery-1.11.2.min.js\"></script><![endif]-->\n<![if gt IE 8]>\n<script src=\"http://code.jquery.com/jquery-2.1.3.min.js\"></script>\n<![endif]>\n<script src=\"http://nette.github.io/resources/js/netteForms.min.js\"></script>\n<script src=\"/js/my-1-0-5.js\"></script>\n\n'),
(6,	6,	'<!DOCTYPE html>\n<html>\n<head>\n<meta http-equiv=\"Content-Language\" content=\"cs\">\n<meta http-equiv=\"content-type\" content=\"text/html; charset=utf-8\">\n<meta charset=\"utf-8\">\n<meta name=\"viewport\" content=\"width=device-width, initial-scale=1.0\">\n\n<title>Architekt Gorazd Balejík | www.vas-architekt.cz</title>\n\n<link rel=\"stylesheet\" href=\"/css/arch-1-0-3.css\">\n<link rel=\"shortcut icon\" href=\"/favicon.ico\">\n\n<!--[if lt IE 9]><script src=\"http://cdnjs.cloudflare.com/ajax/libs/html5shiv/3.7.2/html5shiv.min.js\"></script><![endif]-->\n\n</head>\n<body>\n<script> document.documentElement.className+=\' js\' </script>\n<div id=\"all\">\n<div id=\"pack\">\n<a href=\"/\" id=\"h1\"><div class=\"bgi\"><img src=\"/images/main-content/final01-s.jpg\"><h1><div class=\"e1\"><strong>ING. ARCH. GORAZD BALEJÍK</strong> <small>&nbsp;AUTORIZOVANÝ&nbsp;ARCHITEKT&nbsp;ČKA</small></div><div>ATELIER G – ARCHITEKTONICKÁ A&nbsp;PROJEKČNÍ&nbsp;KANCELÁŘ</div></h1></div></a>\n<div id=\"pack2\">\n<div id=\"map\">\n<div class=\"tac\"><div id=\"but1\" class=\"but\">&nbsp;<span class=\"e1\">Zobrazit menu</span>&nbsp;</div></div>\n<menu id=\"ma\"><div id=\"jst1\" class=\"e1\">\n<a class=\"act\" href=\"/\"><li>ÚVOD</li></a><a href=\"/gorazd-balejik-atelier-g/\"><li>KDO JSME</li></a><a href=\"/gorazd-balejik/\"><li>CO DĚLÁME</li></a><a href=\"/archiv-architektonickych-projektu/\"><li>GALERIE STAVEB</li></a><a href=\"/architektonicka-a-projekcni-kancelar/cenik/\"><li>CENA SLUŽEB</li></a><a href=\"/michaela-stastna-gorazd-balejik/kontakt/\"><li>KONTAKT</li></a>\n</div></menu></div><div id=\"text\"><div class=\"e1\" id=\"jst2\">\n\n<div class=\"col1\">\n\n<p><strong>Motto:</strong><br />\nArchitektura je <strong>tvorba prostředí</strong> ve kterém žijeme\n(pohybujeme se, pracujeme, odpočíváme, tvoříme, přemýšlíme, radujeme\nse, milujeme a umíráme). Uvědomujeme si jak je důležitá kvalita\nprostředí ve kterém trávíme většinu života? Protože ovlivňuje kvalitu\nnašeho života fyzického (pohyb, způsob užívání, pocity) i duchovního\n(inspiruje, povznáší, dělá nás šťastnějšími..nebo také naopak).\nDobrá architektura je nejčastěji vlídným místem pro náš život, místem\nradosti a dobrých vztahů, místem které se jmenuje\n<strong>domov</strong>.</p>\n\n<div class=\"tar\"><img src=\"/images/main-content/model02b.png\"\nstyle=\"width:80%;max-width:964px;max-height:363px\" alt=\"\" width=\"964\"\nheight=\"363\" class=\"texy\" /></div>\n\n</div>\n\n<div class=\"col1\">\n</div>\n</div>\n</div>\n</div>\n<div id=\"cr\">\n<p><a href=\"/michaela-stastna-gorazd-balejik/kontakt/\">&copy; 2015 - www.vas-architekt.cz</a></p>\n</div>\n</div>\n</div>\n<div id=\"test\"></div>\n<!--[if lt IE 9]><script src=\"http://code.jquery.com/jquery-1.11.2.min.js\"></script><![endif]-->\n<![if gt IE 8]>\n<script src=\"http://code.jquery.com/jquery-2.1.3.min.js\"></script>\n<![endif]>\n<script src=\"http://nette.github.io/resources/js/netteForms.min.js\"></script>\n<script src=\"/js/my-1-0-5.js\"></script>\n\n'),
(7,	7,	'<!DOCTYPE html>\n<html>\n<head>\n<meta http-equiv=\"Content-Language\" content=\"cs\">\n<meta http-equiv=\"content-type\" content=\"text/html; charset=utf-8\">\n<meta charset=\"utf-8\">\n<meta name=\"viewport\" content=\"width=device-width, initial-scale=1.0\">\n\n<title>Architekt Gorazd Balejík | www.vas-architekt.cz</title>\n\n<link rel=\"stylesheet\" href=\"/css/arch-1-0-3.css\">\n<link rel=\"shortcut icon\" href=\"/favicon.ico\">\n\n<!--[if lt IE 9]><script src=\"http://cdnjs.cloudflare.com/ajax/libs/html5shiv/3.7.2/html5shiv.min.js\"></script><![endif]-->\n\n</head>\n<body>\n<script> document.documentElement.className+=\' js\' </script>\n<div id=\"all\">\n<div id=\"pack\">\n<a href=\"/\" id=\"h1\"><div class=\"bgi\"><img src=\"/images/main-content/final01-s.jpg\"><h1><div class=\"e1\"><strong>ING. ARCH. GORAZD BALEJÍK</strong> <small>&nbsp;AUTORIZOVANÝ&nbsp;ARCHITEKT&nbsp;ČKA</small></div><div>ATELIER G – ARCHITEKTONICKÁ A&nbsp;PROJEKČNÍ&nbsp;KANCELÁŘ</div></h1></div></a>\n<div id=\"pack2\">\n<div id=\"map\">\n<div class=\"tac\"><div id=\"but1\" class=\"but\">&nbsp;<span class=\"e1\">Zobrazit menu</span>&nbsp;</div></div>\n<menu id=\"ma\"><div id=\"jst1\" class=\"e1\">\n<a href=\"/\"><li>ÚVOD</li></a><a href=\"/gorazd-balejik-atelier-g/\"><li>KDO JSME</li></a><a href=\"/gorazd-balejik/\"><li>CO DĚLÁME</li></a><a href=\"/archiv-architektonickych-projektu/\"><li>GALERIE STAVEB</li></a><a href=\"/architektonicka-a-projekcni-kancelar/cenik/\"><li>CENA SLUŽEB</li></a><a href=\"/michaela-stastna-gorazd-balejik/kontakt/\"><li>KONTAKT</li></a>\n</div></menu></div><div id=\"text\"><div class=\"e1\" id=\"jst2\">\n\n<div class=\"col1\">\n\n<div class=\"but back\"><a href=\"/archiv-architektonickych-projektu/\">← zpět na\nseznam všech staveb v galerii</a></div>\n\n<h2>Rodinný dům U Poldru</h2>\n\n</div>\n<ul class=\"galul\" data-gallulid=\"1\">\n	<a href=\"/images/gallery/all/1.jpg\" target=\"_blank\" class=\"gala\" title=\"\" data-xlsize=\"1800x1013\" data-lsize=\"1200x675\" data-msize=\"800x450\" data-ssize=\"356x200\" data-sizecat=\"xl\" data-filename=\"1.jpg\" data-gallId=\"1\">\n		<li>\n<div class=\"prev\"><img src=\"/images/gallery/all/thumbs/s/1.jpg\" class=\"nasirku\" style=\"right: 0%\" alt=\"rodinný dům U Poldru\"></div>		</li>\n	</a>\n	<a href=\"/images/gallery/all/2.jpg\" target=\"_blank\" class=\"gala\" title=\"\" data-xlsize=\"1800x1013\" data-lsize=\"1200x675\" data-msize=\"800x450\" data-ssize=\"356x200\" data-sizecat=\"xl\" data-filename=\"2.jpg\" data-gallId=\"2\">\n		<li>\n<div class=\"prev\"><img src=\"/images/gallery/all/thumbs/s/2.jpg\" class=\"nasirku\" style=\"right: 0%\" alt=\"rodinný dům U Poldru\"></div>		</li>\n	</a>\n	<a href=\"/images/gallery/all/3.jpg\" target=\"_blank\" class=\"gala\" title=\"\" data-xlsize=\"1013x1800\" data-lsize=\"675x1200\" data-msize=\"450x800\" data-ssize=\"200x356\" data-sizecat=\"xl\" data-filename=\"3.jpg\" data-gallId=\"3\">\n		<li>\n<div class=\"prev\"><img src=\"/images/gallery/all/thumbs/s/3.jpg\" class=\"navysku\" style=\"bottom: 0%\" alt=\"rodinný dům U Poldru\"></div>		</li>\n	</a>\n	<a href=\"/images/gallery/all/4.jpg\" target=\"_blank\" class=\"gala\" title=\"\" data-xlsize=\"1800x1013\" data-lsize=\"1200x675\" data-msize=\"800x450\" data-ssize=\"356x200\" data-sizecat=\"xl\" data-filename=\"4.jpg\" data-gallId=\"4\">\n		<li>\n<div class=\"prev\"><img src=\"/images/gallery/all/thumbs/s/4.jpg\" class=\"nasirku\" style=\"right: 0%\" alt=\"rodinný dům U Poldru\"></div>		</li>\n	</a>\n	<a href=\"/images/gallery/all/5.jpg\" target=\"_blank\" class=\"gala\" title=\"\" data-xlsize=\"1800x1013\" data-lsize=\"1200x675\" data-msize=\"800x450\" data-ssize=\"356x200\" data-sizecat=\"xl\" data-filename=\"5.jpg\" data-gallId=\"5\">\n		<li>\n<div class=\"prev\"><img src=\"/images/gallery/all/thumbs/s/5.jpg\" class=\"nasirku\" style=\"right: 0%\" alt=\"rodinný dům U Poldru\"></div>		</li>\n	</a>\n	<a href=\"/images/gallery/all/6.jpg\" target=\"_blank\" class=\"gala\" title=\"\" data-xlsize=\"1800x1013\" data-lsize=\"1200x675\" data-msize=\"800x450\" data-ssize=\"356x200\" data-sizecat=\"xl\" data-filename=\"6.jpg\" data-gallId=\"6\">\n		<li>\n<div class=\"prev\"><img src=\"/images/gallery/all/thumbs/s/6.jpg\" class=\"nasirku\" style=\"right: 0%\" alt=\"rodinný dům U Poldru\"></div>		</li>\n	</a>\n	<a href=\"/images/gallery/all/7.png\" target=\"_blank\" class=\"gala\" title=\"\" data-xlsize=\"1300x800\" data-lsize=\"1200x738\" data-msize=\"800x492\" data-ssize=\"325x200\" data-sizecat=\"xl\" data-filename=\"7.png\" data-gallId=\"7\">\n		<li>\n<div class=\"prev\"><img src=\"/images/gallery/all/thumbs/s/7.png\" class=\"nasirku\" style=\"right: 0%\" alt=\"rodinný dům U Poldru\"></div>		</li>\n	</a>\n	<a href=\"/images/gallery/all/8.png\" target=\"_blank\" class=\"gala\" title=\"\" data-xlsize=\"1300x800\" data-lsize=\"1200x738\" data-msize=\"800x492\" data-ssize=\"325x200\" data-sizecat=\"xl\" data-filename=\"8.png\" data-gallId=\"8\">\n		<li>\n<div class=\"prev\"><img src=\"/images/gallery/all/thumbs/s/8.png\" class=\"nasirku\" style=\"right: 0%\" alt=\"rodinný dům U Poldru\"></div>		</li>\n	</a>\n	<a href=\"/images/gallery/all/9.png\" target=\"_blank\" class=\"gala\" title=\"\" data-xlsize=\"1300x800\" data-lsize=\"1200x738\" data-msize=\"800x492\" data-ssize=\"325x200\" data-sizecat=\"xl\" data-filename=\"9.png\" data-gallId=\"9\">\n		<li>\n<div class=\"prev\"><img src=\"/images/gallery/all/thumbs/s/9.png\" class=\"nasirku\" style=\"right: 0%\" alt=\"rodinný dům U Poldru\"></div>		</li>\n	</a>\n	<a href=\"/images/gallery/all/10.png\" target=\"_blank\" class=\"gala\" title=\"\" data-xlsize=\"1300x800\" data-lsize=\"1200x738\" data-msize=\"800x492\" data-ssize=\"325x200\" data-sizecat=\"xl\" data-filename=\"10.png\" data-gallId=\"10\">\n		<li>\n<div class=\"prev\"><img src=\"/images/gallery/all/thumbs/s/10.png\" class=\"nasirku\" style=\"right: 0%\" alt=\"rodinný dům U Poldru\"></div>		</li>\n	</a>\n	<a href=\"/images/gallery/all/11.png\" target=\"_blank\" class=\"gala\" title=\"\" data-xlsize=\"1300x800\" data-lsize=\"1200x738\" data-msize=\"800x492\" data-ssize=\"325x200\" data-sizecat=\"xl\" data-filename=\"11.png\" data-gallId=\"11\">\n		<li>\n<div class=\"prev\"><img src=\"/images/gallery/all/thumbs/s/11.png\" class=\"nasirku\" style=\"right: 0%\" alt=\"rodinný dům U Poldru\"></div>		</li>\n	</a>\n	<a href=\"/images/gallery/all/12.png\" target=\"_blank\" class=\"gala\" title=\"\" data-xlsize=\"1300x800\" data-lsize=\"1200x738\" data-msize=\"800x492\" data-ssize=\"325x200\" data-sizecat=\"xl\" data-filename=\"12.png\" data-gallId=\"12\">\n		<li>\n<div class=\"prev\"><img src=\"/images/gallery/all/thumbs/s/12.png\" class=\"nasirku\" style=\"right: 0%\" alt=\"rodinný dům U Poldru\"></div>		</li>\n	</a>\n	<a href=\"/images/gallery/all/13.png\" target=\"_blank\" class=\"gala\" title=\"\" data-xlsize=\"1300x800\" data-lsize=\"1200x738\" data-msize=\"800x492\" data-ssize=\"325x200\" data-sizecat=\"xl\" data-filename=\"13.png\" data-gallId=\"13\">\n		<li>\n<div class=\"prev\"><img src=\"/images/gallery/all/thumbs/s/13.png\" class=\"nasirku\" style=\"right: 0%\" alt=\"rodinný dům U Poldru\"></div>		</li>\n	</a>\n	<a href=\"/images/gallery/all/14.png\" target=\"_blank\" class=\"gala\" title=\"\" data-xlsize=\"1300x800\" data-lsize=\"1200x738\" data-msize=\"800x492\" data-ssize=\"325x200\" data-sizecat=\"xl\" data-filename=\"14.png\" data-gallId=\"14\">\n		<li>\n<div class=\"prev\"><img src=\"/images/gallery/all/thumbs/s/14.png\" class=\"nasirku\" style=\"right: 0%\" alt=\"rodinný dům U Poldru\"></div>		</li>\n	</a>\n</ul><div class=\"col1\">\n\n<h3>Architektonické řešení</h3>\n\n<p>Pozemek určený pro stavbu je součástí území – nové lokality,\nurčené k výstavbě rodinných domů. Lokalita je rozdělená parcelací,\nzasíťována a má vybudovanou hlavní přístupovou komunikaci. Území\npřiléhá na západě k původní zástavbě obce, ze severu ji obkružuje\nželezniční trať, na jihu a východě přiléhá k volné krajině. Pozemek\nje z obce přístupný po místní obslužné komunikaci.</p>\n\n<p>Dům byl umístěn uprostřed pozemku, vstupní průčelí je obráceno\nk severu a k příjezdové komunikaci a má minimum nutných otvorů. Obytné\nmístnosti v přízemí jsou orientovány k jihu, pokoje v 1. patře též,\nčástečně pak také k východu a západu.</p>\n\n<p>Dům je tvořen dvěma hmotami, které jsou vzájemně propojeny. Dům\nsamotný je tvořen kvádrem o dvou podlažích, k němu pak přiléhá\npřízemní jednopodlažní objem garáže. Na střeše garáže se nachází\nterasa. Všechny střechy jsou s minimálním sklonem (ploché). Na střeše\ndomu jsou umístěny fotovoltaické články. Dům není podsklepen.</p>\n\n<p><strong>PŘÍZEMÍ</strong> – zahrnuje vstupní zádveří, schodišťovou\nhalu se šatnou, obytný prostor s jídelnou a kuchyní a hygienické zázemí.\nSamostatná garáž je navržena větší než je nezbytné, bude sem umístěna\ntaké technologie vytápění a ohřevu TUV. K obytnému prostoru v přízemí\nvenku přiléhá prkenná terasa.</p>\n\n<p><strong>1. PATRO</strong> – zahrnuje schodišťovou halu se šatnou,\n3 pokoje, 1 pracovnu a koupelnu. Ložnice rodičů a koupelna mají přímý\nvýstup na venkovní terasu.</p>\n\n<h3>Stavebně technické řešení</h3>\n\n<p>Stavba je založena na základových pasech z prostého betonu, přízemí\nmá přes základové pasy provedenou betonovou desku vyztuženou ocelovou\nsítí. Horní stavba má zděnou konstrukci z cihelných bloků Porotherm\nkombinovanou s ocelovým támem. Stropy jsou monolitické ocelobetonové,\nstejně tak schodiště, příčky z cihelných tvarovek. Střecha je kryta PVC\nfólií. Dešťová voda je odváděna střešními vpusti s ohřevem a dále\npak stoupačkami vnitřkem domu a do dešťové kanalizace. Finální podlahy\njsou vynilové nebo keramické, na schody je užito masivní dřevo. Okna jsou\nplastová, vnitřní dveře dřevěné, dýhované. Dům má podlahové\nvytápění, zdrojem tepla je tepelné čerpadlo.</p>\n\n<p> </p>\n\n<div class=\"but back\"><a href=\"/archiv-architektonickych-projektu/\">← zpět na\nseznam všech staveb v galerii</a></div>\n\n</div>\n\n<div class=\"col1\">\n</div>\n<div class=\"col1\">\n\n</div>\n</div>\n</div>\n</div>\n<div id=\"cr\">\n<p><a href=\"/michaela-stastna-gorazd-balejik/kontakt/\">&copy; 2015 - www.vas-architekt.cz</a></p>\n</div>\n</div>\n</div>\n<div class=\"pswp\" tabindex=\"-1\" role=\"dialog\" aria-hidden=\"true\">\n<div class=\"pswp__bg\"></div>\n<div class=\"pswp__scroll-wrap\">\n<div class=\"pswp__container\">\n<div class=\"pswp__item\"></div>\n<div class=\"pswp__item\"></div>\n<div class=\"pswp__item\"></div>\n</div>\n<div class=\"pswp__ui pswp__ui--hidden\">\n<div class=\"pswp__top-bar\">\n<div class=\"pswp__counter\"></div>\n<button class=\"pswp__button pswp__button--close\" title=\"Close (Esc)\"></button>\n<button class=\"pswp__button pswp__button--share\" title=\"Share\"></button>\n<button class=\"pswp__button pswp__button--fs\" title=\"Toggle fullscreen\"></button>\n<button class=\"pswp__button pswp__button--zoom\" title=\"Zoom in/out\"></button>\n\n<div class=\"pswp__preloader\">\n	<div class=\"pswp__preloader__icn\">\n		<div class=\"pswp__preloader__cut\">\n			<div class=\"pswp__preloader__donut\"></div>\n		</div>\n	</div>\n</div>\n</div>\n\n<div class=\"pswp__share-modal pswp__share-modal--hidden pswp__single-tap\">\n<div class=\"pswp__share-tooltip\"></div> \n</div>\n\n<button class=\"pswp__button pswp__button--arrow--left\" title=\"Previous (arrow left)\">\n</button>\n\n<button class=\"pswp__button pswp__button--arrow--right\" title=\"Next (arrow right)\">\n</button>\n\n<div class=\"pswp__caption\">\n<div class=\"pswp__caption__center\"></div>\n</div>\n</div>\n</div>\n</div><div id=\"test\"></div>\n<!--[if lt IE 9]><script src=\"http://code.jquery.com/jquery-1.11.2.min.js\"></script><![endif]-->\n<![if gt IE 8]>\n<script src=\"http://code.jquery.com/jquery-2.1.3.min.js\"></script>\n<![endif]>\n<script src=\"http://nette.github.io/resources/js/netteForms.min.js\"></script>\n<script src=\"/js/my-1-0-5.js\"></script>\n\n');

DROP TABLE IF EXISTS `vsechny_fotky`;
CREATE TABLE `vsechny_fotky` (
  `id` int(11) NOT NULL AUTO_INCREMENT,
  `nahled_posun` smallint(6) NOT NULL,
  `googlepopis` varchar(255) COLLATE utf8_czech_ci DEFAULT NULL COMMENT 'stručně a výstižně',
  `gallery_text` text COLLATE utf8_czech_ci COMMENT 'klidně i obsáhleji',
  `size` int(11) NOT NULL,
  `width` int(11) NOT NULL,
  `height` int(11) NOT NULL,
  `html_attr` varchar(50) COLLATE utf8_czech_ci NOT NULL,
  `fileextension` varchar(10) COLLATE utf8_czech_ci NOT NULL,
  `tvar` varchar(20) COLLATE utf8_czech_ci NOT NULL DEFAULT 'neznamy',
  `l_size` int(11) NOT NULL,
  `l_width` int(11) NOT NULL,
  `l_height` int(11) NOT NULL,
  `l_html_attr` varchar(50) COLLATE utf8_czech_ci NOT NULL,
  `m_size` int(11) NOT NULL,
  `m_width` int(11) NOT NULL,
  `m_height` int(11) NOT NULL,
  `m_html_attr` varchar(50) COLLATE utf8_czech_ci NOT NULL,
  `s_size` int(11) NOT NULL,
  `s_width` int(11) NOT NULL,
  `s_height` int(11) NOT NULL,
  `s_html_attr` varchar(50) COLLATE utf8_czech_ci NOT NULL,
  PRIMARY KEY (`id`)
) ENGINE=InnoDB DEFAULT CHARSET=utf8 COLLATE=utf8_czech_ci;

INSERT INTO `vsechny_fotky` (`id`, `nahled_posun`, `googlepopis`, `gallery_text`, `size`, `width`, `height`, `html_attr`, `fileextension`, `tvar`, `l_size`, `l_width`, `l_height`, `l_html_attr`, `m_size`, `m_width`, `m_height`, `m_html_attr`, `s_size`, `s_width`, `s_height`, `s_html_attr`) VALUES
(1,	0,	NULL,	NULL,	149108,	1800,	1013,	'width=\"1800\" height=\"1013\"',	'jpg',	'nasirku',	68758,	1200,	675,	'width=\"1200\" height=\"675\"',	34344,	800,	450,	'width=\"800\" height=\"450\"',	9480,	356,	200,	'width=\"356\" height=\"200\"'),
(2,	0,	NULL,	NULL,	152111,	1800,	1013,	'width=\"1800\" height=\"1013\"',	'jpg',	'nasirku',	69753,	1200,	675,	'width=\"1200\" height=\"675\"',	34393,	800,	450,	'width=\"800\" height=\"450\"',	9229,	356,	200,	'width=\"356\" height=\"200\"'),
(3,	0,	NULL,	NULL,	130092,	1013,	1800,	'width=\"1013\" height=\"1800\"',	'jpg',	'navysku',	58225,	675,	1200,	'width=\"675\" height=\"1200\"',	29614,	450,	800,	'width=\"450\" height=\"800\"',	8260,	200,	356,	'width=\"200\" height=\"356\"'),
(4,	0,	NULL,	NULL,	124471,	1800,	1013,	'width=\"1800\" height=\"1013\"',	'jpg',	'nasirku',	58001,	1200,	675,	'width=\"1200\" height=\"675\"',	28729,	800,	450,	'width=\"800\" height=\"450\"',	8181,	356,	200,	'width=\"356\" height=\"200\"'),
(5,	0,	NULL,	NULL,	146481,	1800,	1013,	'width=\"1800\" height=\"1013\"',	'jpg',	'nasirku',	69279,	1200,	675,	'width=\"1200\" height=\"675\"',	34639,	800,	450,	'width=\"800\" height=\"450\"',	9306,	356,	200,	'width=\"356\" height=\"200\"'),
(6,	0,	NULL,	NULL,	197636,	1800,	1013,	'width=\"1800\" height=\"1013\"',	'jpg',	'nasirku',	92120,	1200,	675,	'width=\"1200\" height=\"675\"',	44957,	800,	450,	'width=\"800\" height=\"450\"',	11710,	356,	200,	'width=\"356\" height=\"200\"'),
(7,	0,	NULL,	NULL,	21431,	1300,	800,	'width=\"1300\" height=\"800\"',	'png',	'nasirku',	196192,	1200,	738,	'width=\"1200\" height=\"738\"',	107745,	800,	492,	'width=\"800\" height=\"492\"',	30703,	325,	200,	'width=\"325\" height=\"200\"'),
(8,	0,	NULL,	NULL,	12870,	1300,	800,	'width=\"1300\" height=\"800\"',	'png',	'nasirku',	132374,	1200,	738,	'width=\"1200\" height=\"738\"',	68849,	800,	492,	'width=\"800\" height=\"492\"',	22389,	325,	200,	'width=\"325\" height=\"200\"'),
(9,	0,	NULL,	NULL,	17521,	1300,	800,	'width=\"1300\" height=\"800\"',	'png',	'nasirku',	111938,	1200,	738,	'width=\"1200\" height=\"738\"',	48115,	800,	492,	'width=\"800\" height=\"492\"',	13144,	325,	200,	'width=\"325\" height=\"200\"'),
(10,	0,	NULL,	NULL,	11969,	1300,	800,	'width=\"1300\" height=\"800\"',	'png',	'nasirku',	99003,	1200,	738,	'width=\"1200\" height=\"738\"',	42603,	800,	492,	'width=\"800\" height=\"492\"',	12250,	325,	200,	'width=\"325\" height=\"200\"'),
(11,	0,	NULL,	NULL,	14778,	1300,	800,	'width=\"1300\" height=\"800\"',	'png',	'nasirku',	92275,	1200,	738,	'width=\"1200\" height=\"738\"',	36985,	800,	492,	'width=\"800\" height=\"492\"',	10671,	325,	200,	'width=\"325\" height=\"200\"'),
(12,	0,	NULL,	NULL,	12129,	1300,	800,	'width=\"1300\" height=\"800\"',	'png',	'nasirku',	87172,	1200,	738,	'width=\"1200\" height=\"738\"',	34884,	800,	492,	'width=\"800\" height=\"492\"',	10421,	325,	200,	'width=\"325\" height=\"200\"'),
(13,	0,	NULL,	NULL,	7915,	1300,	800,	'width=\"1300\" height=\"800\"',	'png',	'nasirku',	94698,	1200,	738,	'width=\"1200\" height=\"738\"',	44695,	800,	492,	'width=\"800\" height=\"492\"',	14722,	325,	200,	'width=\"325\" height=\"200\"'),
(14,	0,	NULL,	NULL,	7990,	1300,	800,	'width=\"1300\" height=\"800\"',	'png',	'nasirku',	78968,	1200,	738,	'width=\"1200\" height=\"738\"',	33296,	800,	492,	'width=\"800\" height=\"492\"',	11240,	325,	200,	'width=\"325\" height=\"200\"');

DROP TABLE IF EXISTS `zaloha_obsah`;
CREATE TABLE `zaloha_obsah` (
  `id` int(11) NOT NULL AUTO_INCREMENT,
  `stranka_id` int(11) NOT NULL,
  `editor_obsahu_stranky_id` int(11) NOT NULL,
  `poradi` int(11) NOT NULL,
  `pocet_sloupcu` int(11) NOT NULL,
  `texy` text COLLATE utf8_czech_ci NOT NULL,
  `datum` datetime NOT NULL,
  PRIMARY KEY (`id`)
) ENGINE=InnoDB DEFAULT CHARSET=utf8 COLLATE=utf8_czech_ci;

INSERT INTO `zaloha_obsah` (`id`, `stranka_id`, `editor_obsahu_stranky_id`, `poradi`, `pocet_sloupcu`, `texy`, `datum`) VALUES
(1,	1,	1,	0,	1,	'Motto:\r\n##############\r\n\r\nArchitektura je **tvorba prostředí** ve kterém žijeme (pohybujeme se, pracujeme, odpočíváme, tvoříme, přemýšlíme, radujeme se, milujeme a umíráme). Uvědomujeme si jak je důležitá kvalita prostředí ve kterém trávíme většinu života? Ovlivňuje kvalitu našeho života fyzického (pohyb, způsob užívání, pocity) i duchovního (inspiruje, povznáší, dělá nás šťastnějšími..nebo také naopak). Dobrá architektura je nejčastěji vlídným místem pro náš život, místem radosti a dobrých vztahů, místem které se jmenuje **domov**.\r\n\r\nTak to je způsob jakým o tvorbě architektury uvažujeme.',	'2015-08-03 05:26:33'),
(2,	1,	1,	0,	1,	'Motto:\n##############\n\nArchitektura je **tvorba prostředí** ve kterém žijeme (pohybujeme se, pracujeme, odpočíváme, tvoříme, přemýšlíme, radujeme se, milujeme a umíráme). Uvědomujeme si jak je důležitá kvalita prostředí ve kterém trávíme většinu života? Ovlivňuje kvalitu našeho života fyzického (pohyb, způsob užívání, pocity) i duchovního (inspiruje, povznáší, dělá nás šťastnějšími..nebo také naopak). Dobrá architektura je nejčastěji vlídným místem pro náš život, místem radosti a dobrých vztahů, místem které se jmenuje **domov**.\n\nTak to je způsob jakým o tvorbě architektury uvažujeme.\n\n\nVzdělání a profesní praxe:\n############################\n\n| 1990-2015 | vlastní projekční kancelář ATELIER G (autorizace 1993)\n| 1998 | atelier Hlaváček&partner, samostatný projektant\n| 1989-90 | Arch. Sepp Müller, Wien/Austria, spolupracující architekt/zaměstnanec\n| 1988-89 | Atelier prof. Arch. Gustav Peichel, Wien/Austria, spolupracující architekt \n| 1985-88 | architekt ve svobodném povolání Praha \n| 1986-87 | Krajský projektový ústav Praha, architekt-projektant\n| 1985-90 | AVU Praha, obor architektura\n| 1979-85 | ČVUT Praha – Fakulta architektury, diplom 1985\n| 1978-79 | VUT Brno – Stavební fakulta \n| 1977-78 | Projektant pozemních staveb, Texing Trenčín\n| 1973-77 | Střední průmyslová škola stavební, obor pozemní stavby, maturita 1977\n| 1964-73 | Základní devítiletá škola s rozšířenou výukou němčiny',	'2015-08-03 05:31:02'),
(3,	2,	2,	0,	1,	'Kdo jsme a co děláme\r\n#######################\r\n\r\nJsme architektonická a projekční kancelář klasického zaměření. Poskytujeme kompletní služby pro ty, kteří mají záměr stavět dům nebo jakoukoli jinou budovu. Pokrýváme celý rozsah projektové přípravy staveb od prvotního záměru až po kolaudaci stavby. Navrhujeme a projektujeme jak nové stavby, tak i rekonstrukce stávajících objektů.\r\n \r\nZákladem naší kanceláře jsou dva architekti s dlouholetou praxí; dále máme okruh spolupracovníků pro projektové části: statika staveb, tepelná bilance, požární bezpečnost, zdravotně technické instalace (voda, kanalizace, plyn), vytápění budov a vzduchotechnika, elektroinstalace. Spolupracujeme dlouhodobě s geodety, specialisty na měření hluku, oslunění, radonový průzkum a dalšími odborníky.\r\nSpolupracujeme také s dalšími architekty a stavebními inženýry a studenty, jsme flexibilní a v případě potřeby jsme schopni navýšit několikanásobně kapacitu naší kanceláře.\r\n\r\n**Pro naše klienty zabezpečujeme tyto odborné činnosti:**\r\n- poradenství při výběru pozemku nebo stavebního objektu (domu)\r\n- sestavení stavebního záměru a programu stavby\r\n- návrh stavby ( architektonická studie)\r\n- projekt stavby pro územní řízení (DÚR)\r\n- vyřízení Územního rozhodnutí včetně kompletního projednání a zajištění stanovisek\r\n- projekt stavby pro stavební povolení nebo ohlášení (DSP)\r\n- vyřízení Stavebního povolení včetně kompletního projednání a zajištění stanovisek\r\n- prováděcí (realizační) projekt stavby (PP)  \r\n- dokumentace k výběrovému řízení\r\n- autorský dozor nad realizací stavby\r\n- kolaudace stavby (převzetí hotové stavby, vyúčtování, projekt skutečného provedení)\r\n- návrhy a projekty interiérů\r\n- zastavovací plány a urbanistické studie\r\n- návrhy zahrad, dětských hřišť, venkovních ploch a veřejných prostranství včetně mobiliáře\r\n- poradenství ve všech otázkách okolo stavění, projektování, interiérů, zahrad a jiných budovatelských záměrů.\r\n\r\nKaždou z předešlých činností lze objednat jednotlivě např. jenom návrh stavby či jenom konzultaci. Objednání jakékoli činnosti Vás nezavazuje k objednání činnosti další.',	'2015-08-03 05:36:35'),
(4,	5,	3,	0,	1,	'Kontakty\r\n###########\r\n                                                                                          \r\n**Ing. arch. Gorazd Balejík**:\r\n   - tel: **602 667 885**\r\n   - e-mail: gorazd@seznam.cz\r\n\r\n**Ing. arch. Michaela Šťastná**:\r\n   - tel: **724 205 352**\r\n   - e-mail: stastna.michaela@tiscali.cz\r\n   - web: www.mi-atelier.cz\r\n\r\n**sídlo**:\r\n   - 788 03 Nový Malín 583\r\n   - okres Šumperk\r\n   - kraj Olomoucký\r\n   - Česká republika',	'2015-08-03 05:42:14'),
(5,	5,	3,	0,	1,	'Kontakty\n###########\n                                                                                          \n**Ing. arch. Gorazd Balejík**:\n   - tel: **602 667 885**\n   - e-mail: gorazd@seznam.cz\n\n\n**Ing. arch. Michaela Šťastná**:\n   - tel: **724 205 352**\n   - e-mail: stastna.michaela@tiscali.cz\n   - web: www.mi-atelier.cz\n\n\n**sídlo**:\n   - 788 03 Nový Malín 583\n   - okres Šumperk\n   - kraj Olomoucký\n   - Česká republika',	'2015-08-03 05:43:36'),
(6,	5,	3,	0,	1,	'Kontakty\n###########\n                                                                                          \n**Ing. arch. Gorazd Balejík**:\n   - tel: **602 667 885**\n   - e-mail: gorazd@seznam.cz\n\n\n**Ing. arch. Michaela Šťastná**:\n   - tel: **724 205 352**\n   - e-mail: stastna.michaela@tiscali.cz\n   - web: www.mi-atelier.cz\n\n\n**sídlo**::\n   - **788 03 Nový Malín 583**\n   - okres Šumperk\n   - kraj Olomoucký\n   - Česká republika',	'2015-08-03 05:45:47'),
(7,	5,	3,	0,	1,	'Kontakty\r\n###########\r\n                                                                                          \r\n**Ing. arch. Gorazd Balejík**:\r\n   - tel: **602 667 885**\r\n   - e-mail: gorazd@seznam.cz\r\n\r\n\r\n**Ing. arch. Michaela Šťastná**:\r\n   - tel: **724 205 352**\r\n   - e-mail: stastna.michaela@tiscali.cz\r\n   - web: www.mi-atelier.cz\r\n\r\n\r\n**sídlo**::\r\n   - **788 03 Nový Malín 583**\r\n   - okres Šumperk\r\n   - kraj Olomoucký\r\n   - Česká republika',	'2015-08-03 06:20:58'),
(8,	2,	2,	0,	1,	'Co děláme\r\n#######################\r\n\r\nJsme architektonická a projekční kancelář klasického zaměření. Poskytujeme kompletní služby pro ty, kteří mají záměr stavět dům nebo jakoukoli jinou budovu. Pokrýváme celý rozsah projektové přípravy staveb od prvotního záměru až po kolaudaci stavby. Navrhujeme a projektujeme jak nové stavby, tak i rekonstrukce stávajících objektů.\r\n \r\nZákladem naší kanceláře jsou dva architekti s dlouholetou praxí; dále máme okruh spolupracovníků pro projektové části: statika staveb, tepelná bilance, požární bezpečnost, zdravotně technické instalace (voda, kanalizace, plyn), vytápění budov a vzduchotechnika, elektroinstalace. Spolupracujeme dlouhodobě s geodety, specialisty na měření hluku, oslunění, radonový průzkum a dalšími odborníky.\r\nSpolupracujeme také s dalšími architekty a stavebními inženýry a studenty, jsme flexibilní a v případě potřeby jsme schopni navýšit několikanásobně kapacitu naší kanceláře.\r\n\r\n**Pro naše klienty zabezpečujeme tyto odborné činnosti:**\r\n- poradenství při výběru pozemku nebo stavebního objektu (domu)\r\n- sestavení stavebního záměru a programu stavby\r\n- návrh stavby ( architektonická studie)\r\n- projekt stavby pro územní řízení (DÚR)\r\n- vyřízení Územního rozhodnutí včetně kompletního projednání a zajištění stanovisek\r\n- projekt stavby pro stavební povolení nebo ohlášení (DSP)\r\n- vyřízení Stavebního povolení včetně kompletního projednání a zajištění stanovisek\r\n- prováděcí (realizační) projekt stavby (PP)  \r\n- dokumentace k výběrovému řízení\r\n- autorský dozor nad realizací stavby\r\n- kolaudace stavby (převzetí hotové stavby, vyúčtování, projekt skutečného provedení)\r\n- návrhy a projekty interiérů\r\n- zastavovací plány a urbanistické studie\r\n- návrhy zahrad, dětských hřišť, venkovních ploch a veřejných prostranství včetně mobiliáře\r\n- poradenství ve všech otázkách okolo stavění, projektování, interiérů, zahrad a jiných budovatelských záměrů.\r\n\r\nKaždou z předešlých činností lze objednat jednotlivě např. jenom návrh stavby či jenom konzultaci. Objednání jakékoli činnosti Vás nezavazuje k objednání činnosti další.',	'2015-08-03 08:04:24'),
(9,	5,	3,	0,	1,	'Kontakty\r\n###########\r\n                                                                                          \r\n**Ing. arch. Gorazd Balejík**:\r\n   - tel: **602 667 885**\r\n   - e-mail: gorazd@seznam.cz\r\n   - web: www.vas-architekt.cz\r\n\r\n\r\n**Ing. arch. Michaela Šťastná**:\r\n   - tel: **724 205 352**\r\n   - e-mail: stastna.michaela@tiscali.cz\r\n   - web: www.mi-atelier.cz\r\n\r\n\r\n**sídlo**::\r\n   - **788 03 Nový Malín 583**\r\n   - okres Šumperk\r\n   - kraj Olomoucký\r\n   - Česká republika',	'2015-08-03 08:34:21'),
(10,	1,	1,	0,	1,	'O nás\r\n#################\r\n\r\nJsme architektonická a projekční kancelář klasického zaměření. Poskytujeme kompletní služby pro ty, kteří mají záměr stavět dům nebo jakoukoli jinou budovu. Pokrýváme celý rozsah projektové přípravy staveb od prvotního záměru až po kolaudaci stavby. Navrhujeme a projektujeme jak nové stavby, tak i rekonstrukce stávajících objektů.\r\n \r\nZákladem naší kanceláře jsou dva architekti s dlouholetou praxí; dále máme okruh spolupracovníků pro projektové části: statika staveb, tepelná bilance, požární bezpečnost, zdravotně technické instalace (voda, kanalizace, plyn), vytápění budov a vzduchotechnika, elektroinstalace. Spolupracujeme dlouhodobě s geodety, specialisty na měření hluku, oslunění, radonový průzkum a dalšími odborníky.\r\nSpolupracujeme také s dalšími architekty a stavebními inženýry a studenty, jsme flexibilní a v případě potřeby jsme schopni navýšit několikanásobně kapacitu naší kanceláře.\r\n\r\nVzdělání a profesní praxe:\r\n############################\r\n\r\n| 1990-2015 | vlastní projekční kancelář ATELIER G (autorizace 1993)\r\n| 1998 | atelier Hlaváček&partner, samostatný projektant\r\n| 1989-90 | Arch. Sepp Müller, Wien/Austria, spolupracující architekt/zaměstnanec\r\n| 1988-89 | Atelier prof. Arch. Gustav Peichel, Wien/Austria, spolupracující architekt \r\n| 1985-88 | architekt ve svobodném povolání Praha \r\n| 1986-87 | Krajský projektový ústav Praha, architekt-projektant\r\n| 1985-90 | AVU Praha, obor architektura\r\n| 1979-85 | ČVUT Praha – Fakulta architektury, diplom 1985\r\n| 1978-79 | VUT Brno – Stavební fakulta \r\n| 1977-78 | Projektant pozemních staveb, Texing Trenčín\r\n| 1973-77 | Střední průmyslová škola stavební, obor pozemní stavby, maturita 1977\r\n| 1964-73 | Základní devítiletá škola s rozšířenou výukou němčiny',	'2015-08-04 11:41:07'),
(11,	2,	2,	0,	1,	'Pro naše klienty zabezpečujeme tyto odborné činnosti:\r\n##########################################\r\n\r\n- poradenství při výběru pozemku nebo stavebního objektu (domu)\r\n- sestavení stavebního záměru a programu stavby\r\n- návrh stavby ( architektonická studie)\r\n- projekt stavby pro územní řízení (DÚR)\r\n- vyřízení Územního rozhodnutí včetně kompletního projednání a zajištění stanovisek\r\n- projekt stavby pro stavební povolení nebo ohlášení (DSP)\r\n- vyřízení Stavebního povolení včetně kompletního projednání a zajištění stanovisek\r\n- prováděcí (realizační) projekt stavby (PP)  \r\n- dokumentace k výběrovému řízení\r\n- autorský dozor nad realizací stavby\r\n- kolaudace stavby (převzetí hotové stavby, vyúčtování, projekt skutečného provedení)\r\n- návrhy a projekty interiérů\r\n- zastavovací plány a urbanistické studie\r\n- návrhy zahrad, dětských hřišť, venkovních ploch a veřejných prostranství včetně mobiliáře\r\n- poradenství ve všech otázkách okolo stavění, projektování, interiérů, zahrad a jiných budovatelských záměrů.\r\n\r\nKaždou z předešlých činností lze objednat jednotlivě např. jenom návrh stavby či jenom konzultaci. Objednání jakékoli činnosti Vás nezavazuje k objednání činnosti další.',	'2015-08-04 11:41:07'),
(12,	5,	3,	0,	1,	'Kontakty\r\n###########\r\n                                                                                          \r\n**Ing. arch. Gorazd Balejík**:\r\n   - tel: **602 667 885**\r\n   - e-mail: gorazd@seznam.cz\r\n   - web: www.vas-architekt.cz\r\n\r\n\r\n**Ing. arch. Michaela Šťastná**:\r\n   - tel: **724 205 352**\r\n   - e-mail: stastna.michaela@tiscali.cz\r\n   - web: www.mi-atelier.cz\r\n\r\n\r\n**sídlo**:\r\n   - **788 03 Nový Malín 583**\r\n   - okres Šumperk\r\n   - kraj Olomoucký\r\n   - Česká republika',	'2015-08-04 11:41:07'),
(13,	6,	4,	0,	1,	'Motto:\r\n##############\r\n\r\nArchitektura je **tvorba prostředí** ve kterém žijeme (pohybujeme se, pracujeme, odpočíváme, tvoříme, přemýšlíme, radujeme se, milujeme a umíráme). Uvědomujeme si jak je důležitá kvalita prostředí ve kterém trávíme většinu života? Ovlivňuje kvalitu našeho života fyzického (pohyb, způsob užívání, pocity) i duchovního (inspiruje, povznáší, dělá nás šťastnějšími..nebo také naopak). Dobrá architektura je nejčastěji vlídným místem pro náš život, místem radosti a dobrých vztahů, místem které se jmenuje **domov**.',	'2015-08-04 11:41:07'),
(14,	6,	4,	0,	1,	'Motto:\r\n##############\r\n\r\nArchitektura je **tvorba prostředí** ve kterém žijeme (pohybujeme se, pracujeme, odpočíváme, tvoříme, přemýšlíme, radujeme se, milujeme a umíráme). Uvědomujeme si jak je důležitá kvalita prostředí ve kterém trávíme většinu života? Protože ovlivňuje kvalitu našeho života fyzického (pohyb, způsob užívání, pocity) i duchovního (inspiruje, povznáší, dělá nás šťastnějšími..nebo také naopak). Dobrá architektura je nejčastěji vlídným místem pro náš život, místem radosti a dobrých vztahů, místem které se jmenuje **domov**.',	'2015-08-04 11:55:58'),
(15,	6,	4,	0,	1,	'[* model02.png *]\n\nMotto:\n##############\n\nArchitektura je **tvorba prostředí** ve kterém žijeme (pohybujeme se, pracujeme, odpočíváme, tvoříme, přemýšlíme, radujeme se, milujeme a umíráme). Uvědomujeme si jak je důležitá kvalita prostředí ve kterém trávíme většinu života? Protože ovlivňuje kvalitu našeho života fyzického (pohyb, způsob užívání, pocity) i duchovního (inspiruje, povznáší, dělá nás šťastnějšími..nebo také naopak). Dobrá architektura je nejčastěji vlídným místem pro náš život, místem radosti a dobrých vztahů, místem které se jmenuje **domov**.',	'2015-08-04 14:39:04'),
(16,	6,	4,	0,	1,	'Motto:\n##############\n\nArchitektura je **tvorba prostředí** ve kterém žijeme (pohybujeme se, pracujeme, odpočíváme, tvoříme, přemýšlíme, radujeme se, milujeme a umíráme). Uvědomujeme si jak je důležitá kvalita prostředí ve kterém trávíme většinu života? Protože ovlivňuje kvalitu našeho života fyzického (pohyb, způsob užívání, pocity) i duchovního (inspiruje, povznáší, dělá nás šťastnějšími..nebo také naopak). Dobrá architektura je nejčastěji vlídným místem pro náš život, místem radosti a dobrých vztahů, místem které se jmenuje **domov**.\n\n\n[* model02.png *]',	'2015-08-04 15:35:17'),
(17,	6,	4,	0,	1,	'**Motto:**\n Architektura je **tvorba prostředí** ve kterém žijeme (pohybujeme se, pracujeme, odpočíváme, tvoříme, přemýšlíme, radujeme se, milujeme a umíráme). Uvědomujeme si jak je důležitá kvalita prostředí ve kterém trávíme většinu života? Protože ovlivňuje kvalitu našeho života fyzického (pohyb, způsob užívání, pocity) i duchovního (inspiruje, povznáší, dělá nás šťastnějšími..nebo také naopak). Dobrá architektura je nejčastěji vlídným místem pro náš život, místem radosti a dobrých vztahů, místem které se jmenuje **domov**.\n\n\n[* model02.png *]',	'2015-08-04 15:37:12'),
(18,	6,	4,	0,	1,	'**Motto:**\n Architektura je **tvorba prostředí** ve kterém žijeme (pohybujeme se, pracujeme, odpočíváme, tvoříme, přemýšlíme, radujeme se, milujeme a umíráme). Uvědomujeme si jak je důležitá kvalita prostředí ve kterém trávíme většinu života? Protože ovlivňuje kvalitu našeho života fyzického (pohyb, způsob užívání, pocity) i duchovního (inspiruje, povznáší, dělá nás šťastnějšími..nebo také naopak). Dobrá architektura je nejčastěji vlídným místem pro náš život, místem radosti a dobrých vztahů, místem které se jmenuje **domov**.\n\n\n[* model02.png .[tar] *]',	'2015-08-04 16:41:23'),
(19,	6,	4,	0,	1,	'**Motto:**\n Architektura je **tvorba prostředí** ve kterém žijeme (pohybujeme se, pracujeme, odpočíváme, tvoříme, přemýšlíme, radujeme se, milujeme a umíráme). Uvědomujeme si jak je důležitá kvalita prostředí ve kterém trávíme většinu života? Protože ovlivňuje kvalitu našeho života fyzického (pohyb, způsob užívání, pocity) i duchovního (inspiruje, povznáší, dělá nás šťastnějšími..nebo také naopak). Dobrá architektura je nejčastěji vlídným místem pro náš život, místem radosti a dobrých vztahů, místem které se jmenuje **domov**.\n\n\n[* model02.png *] .[tar]',	'2015-08-04 16:46:19'),
(20,	6,	4,	0,	1,	'**Motto:**\n Architektura je **tvorba prostředí** ve kterém žijeme (pohybujeme se, pracujeme, odpočíváme, tvoříme, přemýšlíme, radujeme se, milujeme a umíráme). Uvědomujeme si jak je důležitá kvalita prostředí ve kterém trávíme většinu života? Protože ovlivňuje kvalitu našeho života fyzického (pohyb, způsob užívání, pocity) i duchovního (inspiruje, povznáší, dělá nás šťastnějšími..nebo také naopak). Dobrá architektura je nejčastěji vlídným místem pro náš život, místem radosti a dobrých vztahů, místem které se jmenuje **domov**.\n\n\n[* model02.png .{width:80%} *] .[tar]',	'2015-08-04 16:56:36'),
(21,	6,	4,	0,	1,	'**Motto:**\r\n Architektura je **tvorba prostředí** ve kterém žijeme (pohybujeme se, pracujeme, odpočíváme, tvoříme, přemýšlíme, radujeme se, milujeme a umíráme). Uvědomujeme si jak je důležitá kvalita prostředí ve kterém trávíme většinu života? Protože ovlivňuje kvalitu našeho života fyzického (pohyb, způsob užívání, pocity) i duchovního (inspiruje, povznáší, dělá nás šťastnějšími..nebo také naopak). Dobrá architektura je nejčastěji vlídným místem pro náš život, místem radosti a dobrých vztahů, místem které se jmenuje **domov**.\r\n\r\n\r\n[* model02b.png .{width:80%} *] .[tar]',	'2015-08-04 22:26:30'),
(22,	3,	5,	0,	1,	'Omlouváme se, ale galerie je právě ve výstavbě. V případě zájmu Vám rádi zašleme ukázky naší práce e-mailem. \r\n\r\nDěkujeme za porozumění.\r\n\r\n<p>&nbsp;</p>\r\n<p>&nbsp;</p>\r\n<p>&nbsp;</p>\r\n<p>&nbsp;</p>\r\n<p>&nbsp;</p>\r\n<p>&nbsp;</p>\r\n<p>&nbsp;</p>\r\n<p>&nbsp;</p>\r\n<p>&nbsp;</p>',	'2015-08-05 11:42:34'),
(23,	4,	7,	0,	1,	'Omlouváme se, ale náš ceník právě aktualizujeme. Ceny služeb lze poptat individuálně e-mailem nebo telefonem.\r\n\r\nDěkujeme za porozumění.\r\n\r\n<p>&nbsp;</p>\r\n<p>&nbsp;</p>\r\n<p>&nbsp;</p>\r\n<p>&nbsp;</p>\r\n<p>&nbsp;</p>\r\n<p>&nbsp;</p>\r\n<p>&nbsp;</p>\r\n<p>&nbsp;</p>\r\n<p>&nbsp;</p>\r\n<p>&nbsp;</p>',	'2015-08-05 11:42:34'),
(24,	4,	7,	0,	1,	'Omlouváme se, ale náš ceník právě aktualizujeme. Ceny služeb lze poptat individuálně e-mailem nebo telefonem.\n\nDěkujeme za porozumění.\n\n<p>&nbsp;</p>\n<p>&nbsp;</p>\n<p>&nbsp;</p>\n<p>&nbsp;</p>\n<p>&nbsp;</p>\n<p>&nbsp;</p>\n<p>&nbsp;</p>',	'2015-08-05 11:43:36'),
(25,	4,	7,	0,	1,	'Omlouváme se, ale náš ceník právě aktualizujeme. Ceny služeb lze poptat individuálně e-mailem nebo telefonem.\n\nDěkujeme za porozumění.\n\n<p>&nbsp;</p>\n<p>&nbsp;</p>\n<p>&nbsp;</p>\n<p>&nbsp;</p>\n<p>&nbsp;</p>\n<p>&nbsp;</p>\n<p>&nbsp;</p>\n<p>&nbsp;</p>\n<p>&nbsp;</p>',	'2015-08-05 11:45:41'),
(26,	3,	5,	0,	1,	'Seznam staveb v galerii\r\n###########################\r\n<small>(pro zobrazení fotografií, plánů a popisu klikněte na jednotlivé položky níže)</small>\r\n\r\nUkázky dalších staveb přidáme později. Děkujeme za porozumění.\r\n\r\n<p>&nbsp;</p>\r\n<p>&nbsp;</p>\r\n<p>&nbsp;</p>\r\n<p>&nbsp;</p>\r\n<p>&nbsp;</p>',	'2015-09-05 16:03:38'),
(27,	3,	5,	0,	1,	'Seznam staveb v galerii\r\n###########################\r\n\r\nUkázky dalších staveb přidáme později. Děkujeme za porozumění.\r\n\r\n<small>(pro zobrazení fotografií, plánů a popisu klikněte na jednotlivé položky výše)</small>\r\n\r\n<p>&nbsp;</p>\r\n<p>&nbsp;</p>\r\n<p>&nbsp;</p>\r\n<p>&nbsp;</p>\r\n<p>&nbsp;</p>',	'2015-09-05 16:05:14'),
(28,	3,	5,	0,	1,	'Seznam staveb v galerii\n###########################\n\n- \"rodinný dům U Poldru\":[/galerie/rodinny-dum-u-poldru/]\n\nUkázky dalších staveb přidáme později. Děkujeme za porozumění.\n\n<small>(pro zobrazení fotografií, plánů a popisu klikněte na jednotlivé položky výše)</small>\n\n<p>&nbsp;</p>\n<p>&nbsp;</p>\n<p>&nbsp;</p>\n<p>&nbsp;</p>\n<p>&nbsp;</p>',	'2015-09-05 17:02:42'),
(29,	3,	5,	0,	1,	'Seznam staveb v galerii\n###########################\n\n- \"rodinný dům U Poldru\":[/galerie/rodinny-dum-u-poldru/]\n\n<small>(Pro zobrazení fotografií, plánů a popisu klikněte na jednotlivé položky výše.<br>Ukázky dalších staveb přidáme později. Děkujeme za porozumění.)</small>\n\n<p>&nbsp;</p>\n<p>&nbsp;</p>\n<p>&nbsp;</p>\n<p>&nbsp;</p>\n<p>&nbsp;</p>',	'2015-09-05 17:04:54'),
(30,	7,	8,	0,	1,	'Rodinný dům U Poldru\r\n##########################\r\n\r\nArchitektonické řešení\r\n***********************\r\n\r\nPozemek určený pro stavbu je součástí území - nové lokality, určené k výstavbě rodinných domů. Lokalita je rozdělená parcelací, zasíťována a má vybudovanou hlavní přístupovou komunikaci. Území přiléhá na západě k původní zástavbě obce, ze severu ji obkružuje železniční trať, na jihu a východě přiléhá k volné krajině. Pozemek je z obce přístupný po místní obslužné komunikaci.\r\n\r\nDům byl umístěn uprostřed pozemku, vstupní průčelí je obráceno k severu a k příjezdové komunikaci a má minimum nutných otvorů. Obytné místnosti v přízemí jsou orientovány k jihu, pokoje v 1. patře též, částečně pak také k východu a západu. \r\n\r\nDům je tvořen dvěma hmotami, které jsou vzájemně propojeny. Dům samotný je tvořen kvádrem o dvou podlažích, k němu pak přiléhá přízemní jednopodlažní objem garáže. Na střeše garáže se nachází terasa. Všechny střechy jsou s minimálním sklonem (ploché). Na střeše domu jsou umístěny fotovoltaické články. Dům není podsklepen.\r\n\r\n**PŘÍZEMÍ** – zahrnuje vstupní zádveří, schodišťovou halu se šatnou, obytný prostor s jídelnou a kuchyní a hygienické zázemí. Samostatná garáž je navržena větší než je nezbytné, bude sem umístěna také technologie vytápění a ohřevu TUV. K obytnému prostoru v přízemí venku přiléhá prkenná terasa. \r\n\r\n**1. PATRO** – zahrnuje schodišťovou halu se šatnou, 3 pokoje, 1 pracovnu a koupelnu. Ložnice rodičů a koupelna mají přímý výstup na venkovní terasu. \r\n\r\nStavebně technické řešení\r\n********************************\r\n\r\nStavba je založena na základových pasech z prostého betonu, přízemí má přes základové pasy provedenou betonovou desku vyztuženou ocelovou sítí. Horní stavba má zděnou konstrukci z cihelných bloků Porotherm kombinovanou s ocelovým támem. Stropy jsou monolitické ocelobetonové, stejně tak schodiště, příčky z cihelných tvarovek. Střecha je kryta PVC fólií. Dešťová voda je odváděna střešními vpusti s ohřevem a dále pak stoupačkami vnitřkem domu a do dešťové kanalizace. Finální podlahy jsou vynilové nebo keramické, na schody je užito masivní dřevo. Okna jsou plastová, vnitřní dveře dřevěné, dýhované. Dům má podlahové vytápění, zdrojem tepla je tepelné čerpadlo.',	'2015-09-05 17:15:57'),
(31,	4,	6,	0,	1,	'Omlouváme se, ale náš ceník právě aktualizujeme. Ceny služeb lze poptat individuálně e-mailem nebo telefonem.\r\n\r\nDěkujeme za porozumění.\r\n\r\n<p>&nbsp;</p>\r\n<p>&nbsp;</p>\r\n<p>&nbsp;</p>\r\n<p>&nbsp;</p>\r\n<p>&nbsp;</p>\r\n<p>&nbsp;</p>\r\n<p>&nbsp;</p>\r\n<p>&nbsp;</p>\r\n<p>&nbsp;</p>',	'2015-09-05 17:19:48'),
(32,	6,	7,	0,	1,	'Rodinný dům U Poldru\r\n##########################',	'2015-09-05 17:19:48'),
(33,	7,	9,	0,	1,	'Architektonické řešení\r\n***********************\r\n\r\nPozemek určený pro stavbu je součástí území - nové lokality, určené k výstavbě rodinných domů. Lokalita je rozdělená parcelací, zasíťována a má vybudovanou hlavní přístupovou komunikaci. Území přiléhá na západě k původní zástavbě obce, ze severu ji obkružuje železniční trať, na jihu a východě přiléhá k volné krajině. Pozemek je z obce přístupný po místní obslužné komunikaci.\r\n\r\nDům byl umístěn uprostřed pozemku, vstupní průčelí je obráceno k severu a k příjezdové komunikaci a má minimum nutných otvorů. Obytné místnosti v přízemí jsou orientovány k jihu, pokoje v 1. patře též, částečně pak také k východu a západu. \r\n\r\nDům je tvořen dvěma hmotami, které jsou vzájemně propojeny. Dům samotný je tvořen kvádrem o dvou podlažích, k němu pak přiléhá přízemní jednopodlažní objem garáže. Na střeše garáže se nachází terasa. Všechny střechy jsou s minimálním sklonem (ploché). Na střeše domu jsou umístěny fotovoltaické články. Dům není podsklepen.\r\n\r\n**PŘÍZEMÍ** – zahrnuje vstupní zádveří, schodišťovou halu se šatnou, obytný prostor s jídelnou a kuchyní a hygienické zázemí. Samostatná garáž je navržena větší než je nezbytné, bude sem umístěna také technologie vytápění a ohřevu TUV. K obytnému prostoru v přízemí venku přiléhá prkenná terasa. \r\n\r\n**1. PATRO** – zahrnuje schodišťovou halu se šatnou, 3 pokoje, 1 pracovnu a koupelnu. Ložnice rodičů a koupelna mají přímý výstup na venkovní terasu. \r\n\r\nStavebně technické řešení\r\n********************************\r\n\r\nStavba je založena na základových pasech z prostého betonu, přízemí má přes základové pasy provedenou betonovou desku vyztuženou ocelovou sítí. Horní stavba má zděnou konstrukci z cihelných bloků Porotherm kombinovanou s ocelovým támem. Stropy jsou monolitické ocelobetonové, stejně tak schodiště, příčky z cihelných tvarovek. Střecha je kryta PVC fólií. Dešťová voda je odváděna střešními vpusti s ohřevem a dále pak stoupačkami vnitřkem domu a do dešťové kanalizace. Finální podlahy jsou vynilové nebo keramické, na schody je užito masivní dřevo. Okna jsou plastová, vnitřní dveře dřevěné, dýhované. Dům má podlahové vytápění, zdrojem tepla je tepelné čerpadlo.',	'2015-09-05 17:19:48'),
(34,	7,	9,	0,	1,	'<h3>Architektonické řešení</h3>\n\nPozemek určený pro stavbu je součástí území - nové lokality, určené k výstavbě rodinných domů. Lokalita je rozdělená parcelací, zasíťována a má vybudovanou hlavní přístupovou komunikaci. Území přiléhá na západě k původní zástavbě obce, ze severu ji obkružuje železniční trať, na jihu a východě přiléhá k volné krajině. Pozemek je z obce přístupný po místní obslužné komunikaci.\n\nDům byl umístěn uprostřed pozemku, vstupní průčelí je obráceno k severu a k příjezdové komunikaci a má minimum nutných otvorů. Obytné místnosti v přízemí jsou orientovány k jihu, pokoje v 1. patře též, částečně pak také k východu a západu. \n\nDům je tvořen dvěma hmotami, které jsou vzájemně propojeny. Dům samotný je tvořen kvádrem o dvou podlažích, k němu pak přiléhá přízemní jednopodlažní objem garáže. Na střeše garáže se nachází terasa. Všechny střechy jsou s minimálním sklonem (ploché). Na střeše domu jsou umístěny fotovoltaické články. Dům není podsklepen.\n\n**PŘÍZEMÍ** – zahrnuje vstupní zádveří, schodišťovou halu se šatnou, obytný prostor s jídelnou a kuchyní a hygienické zázemí. Samostatná garáž je navržena větší než je nezbytné, bude sem umístěna také technologie vytápění a ohřevu TUV. K obytnému prostoru v přízemí venku přiléhá prkenná terasa. \n\n**1. PATRO** – zahrnuje schodišťovou halu se šatnou, 3 pokoje, 1 pracovnu a koupelnu. Ložnice rodičů a koupelna mají přímý výstup na venkovní terasu. \n\n<h3>Stavebně technické řešení</h3>\n\nStavba je založena na základových pasech z prostého betonu, přízemí má přes základové pasy provedenou betonovou desku vyztuženou ocelovou sítí. Horní stavba má zděnou konstrukci z cihelných bloků Porotherm kombinovanou s ocelovým támem. Stropy jsou monolitické ocelobetonové, stejně tak schodiště, příčky z cihelných tvarovek. Střecha je kryta PVC fólií. Dešťová voda je odváděna střešními vpusti s ohřevem a dále pak stoupačkami vnitřkem domu a do dešťové kanalizace. Finální podlahy jsou vynilové nebo keramické, na schody je užito masivní dřevo. Okna jsou plastová, vnitřní dveře dřevěné, dýhované. Dům má podlahové vytápění, zdrojem tepla je tepelné čerpadlo.',	'2015-09-05 17:23:10'),
(35,	7,	7,	0,	1,	'<a href=\"/archiv-architektonickych-projektu/\"><div class=\"but\">&larr; zpět na seznam všech staveb v galerii</div></a>\n\nRodinný dům U Poldru\n##########################',	'2015-09-05 17:28:53'),
(36,	7,	9,	0,	1,	'<h3>Architektonické řešení</h3>\r\n\r\nPozemek určený pro stavbu je součástí území - nové lokality, určené k výstavbě rodinných domů. Lokalita je rozdělená parcelací, zasíťována a má vybudovanou hlavní přístupovou komunikaci. Území přiléhá na západě k původní zástavbě obce, ze severu ji obkružuje železniční trať, na jihu a východě přiléhá k volné krajině. Pozemek je z obce přístupný po místní obslužné komunikaci.\r\n\r\nDům byl umístěn uprostřed pozemku, vstupní průčelí je obráceno k severu a k příjezdové komunikaci a má minimum nutných otvorů. Obytné místnosti v přízemí jsou orientovány k jihu, pokoje v 1. patře též, částečně pak také k východu a západu. \r\n\r\nDům je tvořen dvěma hmotami, které jsou vzájemně propojeny. Dům samotný je tvořen kvádrem o dvou podlažích, k němu pak přiléhá přízemní jednopodlažní objem garáže. Na střeše garáže se nachází terasa. Všechny střechy jsou s minimálním sklonem (ploché). Na střeše domu jsou umístěny fotovoltaické články. Dům není podsklepen.\r\n\r\n**PŘÍZEMÍ** – zahrnuje vstupní zádveří, schodišťovou halu se šatnou, obytný prostor s jídelnou a kuchyní a hygienické zázemí. Samostatná garáž je navržena větší než je nezbytné, bude sem umístěna také technologie vytápění a ohřevu TUV. K obytnému prostoru v přízemí venku přiléhá prkenná terasa. \r\n\r\n**1. PATRO** – zahrnuje schodišťovou halu se šatnou, 3 pokoje, 1 pracovnu a koupelnu. Ložnice rodičů a koupelna mají přímý výstup na venkovní terasu. \r\n\r\n<h3>Stavebně technické řešení</h3>\r\n\r\nStavba je založena na základových pasech z prostého betonu, přízemí má přes základové pasy provedenou betonovou desku vyztuženou ocelovou sítí. Horní stavba má zděnou konstrukci z cihelných bloků Porotherm kombinovanou s ocelovým támem. Stropy jsou monolitické ocelobetonové, stejně tak schodiště, příčky z cihelných tvarovek. Střecha je kryta PVC fólií. Dešťová voda je odváděna střešními vpusti s ohřevem a dále pak stoupačkami vnitřkem domu a do dešťové kanalizace. Finální podlahy jsou vynilové nebo keramické, na schody je užito masivní dřevo. Okna jsou plastová, vnitřní dveře dřevěné, dýhované. Dům má podlahové vytápění, zdrojem tepla je tepelné čerpadlo.',	'2015-09-05 17:28:53'),
(37,	7,	7,	0,	1,	'<div class=\"but\"><a href=\"/archiv-architektonickych-projektu/\">&larr; zpět na seznam všech staveb v galerii</a></div>\n\nRodinný dům U Poldru\n##########################',	'2015-09-05 17:30:54'),
(38,	7,	7,	0,	1,	'<div class=\"but back\"><a href=\"/archiv-architektonickych-projektu/\">&larr; zpět na seznam všech staveb v galerii</a></div>\n\nRodinný dům U Poldru\n##########################',	'2015-09-05 17:34:25'),
(39,	7,	7,	0,	1,	'<div class=\"but back\"><a href=\"/archiv-architektonickych-projektu/\">&larr; zpět na seznam všech staveb v galerii</a></div>\r\n\r\nRodinný dům U Poldru\r\n##########################',	'2015-09-05 17:37:55'),
(40,	7,	9,	0,	1,	'<h3>Architektonické řešení</h3>\r\n\r\nPozemek určený pro stavbu je součástí území - nové lokality, určené k výstavbě rodinných domů. Lokalita je rozdělená parcelací, zasíťována a má vybudovanou hlavní přístupovou komunikaci. Území přiléhá na západě k původní zástavbě obce, ze severu ji obkružuje železniční trať, na jihu a východě přiléhá k volné krajině. Pozemek je z obce přístupný po místní obslužné komunikaci.\r\n\r\nDům byl umístěn uprostřed pozemku, vstupní průčelí je obráceno k severu a k příjezdové komunikaci a má minimum nutných otvorů. Obytné místnosti v přízemí jsou orientovány k jihu, pokoje v 1. patře též, částečně pak také k východu a západu. \r\n\r\nDům je tvořen dvěma hmotami, které jsou vzájemně propojeny. Dům samotný je tvořen kvádrem o dvou podlažích, k němu pak přiléhá přízemní jednopodlažní objem garáže. Na střeše garáže se nachází terasa. Všechny střechy jsou s minimálním sklonem (ploché). Na střeše domu jsou umístěny fotovoltaické články. Dům není podsklepen.\r\n\r\n**PŘÍZEMÍ** – zahrnuje vstupní zádveří, schodišťovou halu se šatnou, obytný prostor s jídelnou a kuchyní a hygienické zázemí. Samostatná garáž je navržena větší než je nezbytné, bude sem umístěna také technologie vytápění a ohřevu TUV. K obytnému prostoru v přízemí venku přiléhá prkenná terasa. \r\n\r\n**1. PATRO** – zahrnuje schodišťovou halu se šatnou, 3 pokoje, 1 pracovnu a koupelnu. Ložnice rodičů a koupelna mají přímý výstup na venkovní terasu. \r\n\r\n<h3>Stavebně technické řešení</h3>\r\n\r\nStavba je založena na základových pasech z prostého betonu, přízemí má přes základové pasy provedenou betonovou desku vyztuženou ocelovou sítí. Horní stavba má zděnou konstrukci z cihelných bloků Porotherm kombinovanou s ocelovým támem. Stropy jsou monolitické ocelobetonové, stejně tak schodiště, příčky z cihelných tvarovek. Střecha je kryta PVC fólií. Dešťová voda je odváděna střešními vpusti s ohřevem a dále pak stoupačkami vnitřkem domu a do dešťové kanalizace. Finální podlahy jsou vynilové nebo keramické, na schody je užito masivní dřevo. Okna jsou plastová, vnitřní dveře dřevěné, dýhované. Dům má podlahové vytápění, zdrojem tepla je tepelné čerpadlo.\r\n\r\n<p>&nbsp;</p>\r\n<div class=\"but back\"><a href=\"/archiv-architektonickych-projektu/\">&larr; zpět na seznam všech staveb v galerii</a></div>',	'2015-09-05 17:37:55'),
(41,	1,	1,	0,	1,	'O nás .[e1]\r\n#################\r\n\r\nJsme architektonická a projekční kancelář klasického zaměření. Poskytujeme kompletní služby pro ty, kteří mají záměr stavět dům nebo jakoukoli jinou budovu. Pokrýváme celý rozsah projektové přípravy staveb od prvotního záměru až po kolaudaci stavby. Navrhujeme a projektujeme jak nové stavby, tak i rekonstrukce stávajících objektů.\r\n \r\nZákladem naší kanceláře jsou dva architekti s dlouholetou praxí; dále máme okruh spolupracovníků pro projektové části: statika staveb, tepelná bilance, požární bezpečnost, zdravotně technické instalace (voda, kanalizace, plyn), vytápění budov a vzduchotechnika, elektroinstalace. Spolupracujeme dlouhodobě s geodety, specialisty na měření hluku, oslunění, radonový průzkum a dalšími odborníky.\r\nSpolupracujeme také s dalšími architekty a stavebními inženýry a studenty, jsme flexibilní a v případě potřeby jsme schopni navýšit několikanásobně kapacitu naší kanceláře.\r\n\r\nVzdělání a profesní praxe:\r\n############################\r\n\r\n| 1990-2015 | vlastní projekční kancelář ATELIER G (autorizace 1993)\r\n| 1998 | atelier Hlaváček&partner, samostatný projektant\r\n| 1989-90 | Arch. Sepp Müller, Wien/Austria, spolupracující architekt/zaměstnanec\r\n| 1988-89 | Atelier prof. Arch. Gustav Peichel, Wien/Austria, spolupracující architekt \r\n| 1985-88 | architekt ve svobodném povolání Praha \r\n| 1986-87 | Krajský projektový ústav Praha, architekt-projektant\r\n| 1985-90 | AVU Praha, obor architektura\r\n| 1979-85 | ČVUT Praha – Fakulta architektury, diplom 1985\r\n| 1978-79 | VUT Brno – Stavební fakulta \r\n| 1977-78 | Projektant pozemních staveb, Texing Trenčín\r\n| 1973-77 | Střední průmyslová škola stavební, obor pozemní stavby, maturita 1977\r\n| 1964-73 | Základní devítiletá škola s rozšířenou výukou němčiny',	'2015-09-05 17:59:27'),
(42,	2,	2,	0,	1,	'Pro naše klienty zabezpečujeme tyto odborné činnosti: .[e1]\r\n##########################################\r\n\r\n- poradenství při výběru pozemku nebo stavebního objektu (domu)\r\n- sestavení stavebního záměru a programu stavby\r\n- návrh stavby ( architektonická studie)\r\n- projekt stavby pro územní řízení (DÚR)\r\n- vyřízení Územního rozhodnutí včetně kompletního projednání a zajištění stanovisek\r\n- projekt stavby pro stavební povolení nebo ohlášení (DSP)\r\n- vyřízení Stavebního povolení včetně kompletního projednání a zajištění stanovisek\r\n- prováděcí (realizační) projekt stavby (PP)  \r\n- dokumentace k výběrovému řízení\r\n- autorský dozor nad realizací stavby\r\n- kolaudace stavby (převzetí hotové stavby, vyúčtování, projekt skutečného provedení)\r\n- návrhy a projekty interiérů\r\n- zastavovací plány a urbanistické studie\r\n- návrhy zahrad, dětských hřišť, venkovních ploch a veřejných prostranství včetně mobiliáře\r\n- poradenství ve všech otázkách okolo stavění, projektování, interiérů, zahrad a jiných budovatelských záměrů.\r\n\r\nKaždou z předešlých činností lze objednat jednotlivě např. jenom návrh stavby či jenom konzultaci. Objednání jakékoli činnosti Vás nezavazuje k objednání činnosti další.',	'2015-09-05 18:06:33'),
(43,	3,	5,	0,	1,	'Seznam staveb v galerii  .[e1]\r\n###########################\r\n\r\n- \"rodinný dům U Poldru\":[/galerie/rodinny-dum-u-poldru/]\r\n\r\n<small>(Pro zobrazení fotografií, plánů a popisu klikněte na jednotlivé položky výše.<br>Ukázky dalších staveb přidáme později. Děkujeme za porozumění.)</small>\r\n\r\n<p>&nbsp;</p>\r\n<p>&nbsp;</p>\r\n<p>&nbsp;</p>\r\n<p>&nbsp;</p>\r\n<p>&nbsp;</p>',	'2015-09-05 18:06:33'),
(44,	5,	3,	0,	1,	'Kontakty  .[e1]\r\n###########\r\n                                                                                          \r\n**Ing. arch. Gorazd Balejík**:\r\n   - tel: **602 667 885**\r\n   - e-mail: gorazd@seznam.cz\r\n   - web: www.vas-architekt.cz\r\n\r\n\r\n**Ing. arch. Michaela Šťastná**:\r\n   - tel: **724 205 352**\r\n   - e-mail: stastna.michaela@tiscali.cz\r\n   - web: www.mi-atelier.cz\r\n\r\n\r\n**sídlo**:\r\n   - **788 03 Nový Malín 583**\r\n   - okres Šumperk\r\n   - kraj Olomoucký\r\n   - Česká republika',	'2015-09-05 18:06:33');

-- 2015-09-05 17:23:46
